-- phpMyAdmin SQL Dump
-- version 5.2.1
-- https://www.phpmyadmin.net/
--
-- Host: localhost
-- Generation Time: Sep 04, 2025 at 05:18 AM
-- Server version: 10.11.6-MariaDB
-- PHP Version: 8.0.30

SET SQL_MODE = "NO_AUTO_VALUE_ON_ZERO";
START TRANSACTION;
SET time_zone = "+00:00";


/*!40101 SET @OLD_CHARACTER_SET_CLIENT=@@CHARACTER_SET_CLIENT */;
/*!40101 SET @OLD_CHARACTER_SET_RESULTS=@@CHARACTER_SET_RESULTS */;
/*!40101 SET @OLD_COLLATION_CONNECTION=@@COLLATION_CONNECTION */;
/*!40101 SET NAMES utf8mb4 */;

--
-- Database: `db_shopee_bot`
--

-- --------------------------------------------------------

--
-- Table structure for table `Licenses`
--

CREATE TABLE `Licenses` (
  `id` int(11) NOT NULL,
  `software_id` int(11) NOT NULL,
  `software_version_id` int(11) DEFAULT NULL,
  `license_key` varchar(255) NOT NULL,
  `is_active` tinyint(1) NOT NULL DEFAULT 1,
  `used_at` datetime DEFAULT NULL,
  `user_id` int(11) DEFAULT NULL,
  `createdAt` datetime NOT NULL DEFAULT current_timestamp(),
  `updatedAt` datetime NOT NULL DEFAULT current_timestamp() ON UPDATE current_timestamp()
) ENGINE=InnoDB DEFAULT CHARSET=utf8mb3 COLLATE=utf8mb3_general_ci;

--
-- Dumping data for table `Licenses`
--

INSERT INTO `Licenses` (`id`, `software_id`, `software_version_id`, `license_key`, `is_active`, `used_at`, `user_id`, `createdAt`, `updatedAt`) VALUES
(14, 25, NULL, '1231', 0, NULL, NULL, '2025-08-30 07:32:55', '2025-08-30 07:32:55'),
(15, 26, NULL, '4ab9437ad47a', 1, '2025-09-01 10:17:12', 41, '2025-08-30 07:43:06', '2025-09-01 10:17:12'),
(16, 27, 19, 'c847dff72cc2', 0, NULL, 41, '2025-08-30 07:53:56', '2025-08-30 07:53:56'),
(17, 28, 20, 'df3011d54933', 0, NULL, 42, '2025-08-30 07:55:33', '2025-08-30 07:55:33'),
(18, 29, NULL, 'da17e714e6c9', 1, '2025-09-01 11:07:00', 42, '2025-08-30 12:39:20', '2025-09-01 11:07:00'),
(19, 30, NULL, 'b85f968923e4', 0, '2025-09-01 12:06:59', 42, '2025-08-30 12:48:42', '2025-09-01 12:07:48'),
(20, 31, NULL, '972364cbf5d7', 0, '2025-09-01 12:10:20', 41, '2025-08-30 12:49:43', '2025-09-01 12:10:36'),
(36, 27, 25, '09f2546546c8', 1, '2025-09-01 15:13:32', 41, '2025-08-30 14:07:34', '2025-09-01 15:13:32'),
(37, 28, 26, '09f2546546c82', 0, '2025-08-30 14:11:06', 42, '2025-08-30 14:08:33', '2025-08-30 14:13:17'),
(39, 33, NULL, '11111111111', 0, NULL, 41, '2025-09-01 07:10:00', '2025-09-01 07:10:00'),
(40, 34, NULL, '22222222222222', 0, NULL, 42, '2025-09-01 07:11:23', '2025-09-01 07:11:23'),
(41, 29, NULL, '112', 0, NULL, 42, '2025-09-01 09:01:20', '2025-09-01 09:01:20'),
(42, 29, NULL, '113', 0, NULL, 42, '2025-09-01 09:01:20', '2025-09-01 09:01:20'),
(43, 29, NULL, '114', 0, NULL, 42, '2025-09-01 09:01:20', '2025-09-01 09:01:20'),
(44, 29, NULL, '115', 0, NULL, 42, '2025-09-01 09:01:20', '2025-09-01 09:01:20'),
(45, 26, NULL, '223', 1, '2025-09-01 10:22:21', 41, '2025-09-01 09:01:37', '2025-09-01 10:22:21'),
(46, 26, NULL, '224', 0, '2025-09-01 09:21:44', 41, '2025-09-01 09:01:37', '2025-09-01 09:51:45'),
(47, 26, NULL, '225', 0, '2025-09-01 09:21:44', 41, '2025-09-01 09:01:37', '2025-09-01 09:51:45'),
(48, 26, NULL, '226', 0, NULL, 41, '2025-09-01 09:01:37', '2025-09-01 09:01:37'),
(49, 27, 25, '123dasda', 0, NULL, 41, '2025-09-01 10:48:09', '2025-09-01 10:48:09'),
(50, 31, NULL, '123124123123', 0, NULL, 41, '2025-09-01 12:05:36', '2025-09-01 12:05:36'),
(51, 30, NULL, '321354984623', 0, NULL, 42, '2025-09-01 12:06:12', '2025-09-01 12:06:12');

-- --------------------------------------------------------

--
-- Table structure for table `OrderLicenses`
--

CREATE TABLE `OrderLicenses` (
  `id` int(11) NOT NULL,
  `order_id` int(11) NOT NULL,
  `license_id` int(11) NOT NULL,
  `createdAt` datetime NOT NULL,
  `updatedAt` datetime NOT NULL
) ENGINE=InnoDB DEFAULT CHARSET=utf8mb3 COLLATE=utf8mb3_general_ci;

--
-- Dumping data for table `OrderLicenses`
--

INSERT INTO `OrderLicenses` (`id`, `order_id`, `license_id`, `createdAt`, `updatedAt`) VALUES
(32, 39, 15, '2025-09-01 10:17:12', '2025-09-01 10:17:12'),
(33, 43, 45, '2025-09-01 10:22:21', '2025-09-01 10:22:21'),
(34, 44, 18, '2025-09-01 11:07:00', '2025-09-01 11:07:00'),
(38, 159, 36, '2025-09-01 15:13:32', '2025-09-01 15:13:32');

-- --------------------------------------------------------

--
-- Table structure for table `Orders`
--

CREATE TABLE `Orders` (
  `id` int(11) NOT NULL,
  `order_id` varchar(255) NOT NULL,
  `item_name` varchar(255) NOT NULL,
  `os` varchar(255) NOT NULL,
  `version` varchar(255) NOT NULL,
  `license_count` int(11) NOT NULL DEFAULT 1,
  `status` enum('pending','processed') NOT NULL DEFAULT 'pending',
  `user_id` int(11) DEFAULT NULL,
  `software_id` int(11) DEFAULT NULL,
  `createdAt` datetime NOT NULL DEFAULT current_timestamp(),
  `updatedAt` datetime NOT NULL DEFAULT current_timestamp() ON UPDATE current_timestamp()
) ENGINE=InnoDB DEFAULT CHARSET=utf8mb3 COLLATE=utf8mb3_general_ci;

--
-- Dumping data for table `Orders`
--

INSERT INTO `Orders` (`id`, `order_id`, `item_name`, `os`, `version`, `license_count`, `status`, `user_id`, `software_id`, `createdAt`, `updatedAt`) VALUES
(39, '250901C5RU11W9-1', 'Olah', 'Windows', '4.1.1.4', 1, 'processed', 41, 26, '2025-09-01 10:17:12', '2025-09-01 10:17:12'),
(43, '250901C84APCQV-1', 'Olah', 'Windows', '4.1.1.4', 1, 'processed', 41, 26, '2025-09-01 10:22:21', '2025-09-01 10:22:21'),
(44, '250901CAS6TDSY-1', 'Olah', 'Windows', '4.1.1.4', 1, 'processed', 42, 29, '2025-09-01 11:07:00', '2025-09-01 11:07:00'),
(159, '250901CR6S2JGK-1', 'SPSS', 'Windows', '31', 1, 'processed', 41, 27, '2025-09-01 15:13:32', '2025-09-01 15:13:32');

-- --------------------------------------------------------

--
-- Table structure for table `PaymentMethods`
--

CREATE TABLE `PaymentMethods` (
  `id` int(11) NOT NULL,
  `name` varchar(100) NOT NULL,
  `code` varchar(50) NOT NULL,
  `type` enum('manual','tripay') DEFAULT 'manual',
  `account_number` varchar(100) DEFAULT NULL,
  `account_name` varchar(100) DEFAULT NULL,
  `is_active` tinyint(1) DEFAULT 1,
  `tripay_code` varchar(50) DEFAULT NULL,
  `createdAt` datetime NOT NULL,
  `updatedAt` datetime NOT NULL
) ENGINE=InnoDB DEFAULT CHARSET=utf8mb3 COLLATE=utf8mb3_general_ci;

-- --------------------------------------------------------

--
-- Table structure for table `Payments`
--

CREATE TABLE `Payments` (
  `id` int(11) NOT NULL,
  `user_id` int(11) NOT NULL,
  `user_subscription_id` int(11) NOT NULL,
  `payment_method` varchar(50) NOT NULL,
  `amount` decimal(10,2) NOT NULL,
  `status` enum('pending','success','failed') DEFAULT 'pending',
  `reference_id` varchar(255) DEFAULT NULL,
  `payment_details` text DEFAULT NULL,
  `createdAt` datetime NOT NULL,
  `updatedAt` datetime NOT NULL
) ENGINE=InnoDB DEFAULT CHARSET=utf8mb3 COLLATE=utf8mb3_general_ci;

-- --------------------------------------------------------

--
-- Table structure for table `payment_methods`
--

CREATE TABLE `payment_methods` (
  `id` int(11) NOT NULL,
  `name` varchar(50) NOT NULL,
  `type` enum('manual','tripay') DEFAULT 'manual',
  `is_active` tinyint(1) DEFAULT 1,
  `config` longtext CHARACTER SET utf8mb4 COLLATE utf8mb4_bin DEFAULT NULL CHECK (json_valid(`config`))
) ENGINE=InnoDB DEFAULT CHARSET=utf8mb3 COLLATE=utf8mb3_general_ci;

--
-- Dumping data for table `payment_methods`
--

INSERT INTO `payment_methods` (`id`, `name`, `type`, `is_active`, `config`) VALUES
(1, 'QRIS', 'manual', 1, '{\"image\":\"qris.png\"}'),
(2, 'Dana', 'manual', 1, '{\"number\":\"08123456789\"}'),
(3, 'Ovo', 'manual', 1, '{\"number\":\"08123456789\"}'),
(4, 'Gopay', 'manual', 1, '{\"number\":\"08123456789\"}'),
(5, 'Bank Transfer', 'manual', 1, '{\"bank\":\"BCA\",\"account\":\"1234567890\"}'),
(6, 'Tripay', 'tripay', 1, '{}');

-- --------------------------------------------------------

--
-- Table structure for table `Plans`
--

CREATE TABLE `Plans` (
  `id` int(11) NOT NULL,
  `name` varchar(255) NOT NULL,
  `price` int(11) NOT NULL,
  `duration` int(11) NOT NULL,
  `createdAt` datetime NOT NULL,
  `updatedAt` datetime NOT NULL
) ENGINE=InnoDB DEFAULT CHARSET=utf8mb3 COLLATE=utf8mb3_general_ci;

-- --------------------------------------------------------

--
-- Table structure for table `QrisPayments`
--

CREATE TABLE `QrisPayments` (
  `id` int(11) NOT NULL,
  `reference` varchar(50) NOT NULL,
  `user_id` int(11) NOT NULL,
  `plan_id` int(11) DEFAULT NULL,
  `amount` decimal(10,2) NOT NULL,
  `total_amount` decimal(10,2) NOT NULL,
  `unique_code` int(3) NOT NULL DEFAULT 0,
  `status` enum('UNPAID','PAID','REJECTED','EXPIRED','PENDING_VERIFICATION') DEFAULT 'UNPAID',
  `payment_proof` longtext CHARACTER SET utf8mb4 COLLATE utf8mb4_general_ci DEFAULT NULL,
  `whatsapp_notification_sent` tinyint(1) NOT NULL DEFAULT 0,
  `whatsapp_verification` enum('PENDING','VERIFIED','REJECTED') DEFAULT 'PENDING',
  `verification_note` text DEFAULT NULL,
  `expired_at` datetime DEFAULT NULL,
  `createdAt` datetime NOT NULL DEFAULT current_timestamp(),
  `updatedAt` datetime NOT NULL DEFAULT current_timestamp() ON UPDATE current_timestamp()
) ENGINE=InnoDB DEFAULT CHARSET=utf8mb3 COLLATE=utf8mb3_general_ci;

--
-- Dumping data for table `QrisPayments`
--

INSERT INTO `QrisPayments` (`id`, `reference`, `user_id`, `plan_id`, `amount`, `total_amount`, `unique_code`, `status`, `payment_proof`, `whatsapp_notification_sent`, `whatsapp_verification`, `verification_note`, `expired_at`, `createdAt`, `updatedAt`) VALUES
(1, 'QRIS-1756918638060-2ppj6dsw', 45, 14, 150000.00, 150004.26, 426, 'UNPAID', NULL, 0, 'PENDING', NULL, '2025-09-04 16:57:18', '2025-09-03 16:57:18', '2025-09-03 16:57:18'),
(2, 'QRIS-1756919108546-33n2m877', 45, 14, 150000.00, 150006.73, 673, 'UNPAID', NULL, 0, 'PENDING', NULL, '2025-09-04 17:05:08', '2025-09-03 17:05:08', '2025-09-03 17:05:08'),
(3, 'QRIS-1756919165386-dvy6puke', 45, 14, 150000.00, 150009.14, 914, 'UNPAID', NULL, 0, 'PENDING', NULL, '2025-09-04 17:06:05', '2025-09-03 17:06:05', '2025-09-03 17:06:05'),
(4, 'QRIS-1756925197401-427cua1g', 45, 14, 150000.00, 150007.38, 738, 'UNPAID', NULL, 0, 'PENDING', NULL, '2025-09-04 18:46:37', '2025-09-03 18:46:37', '2025-09-03 18:46:37');

-- --------------------------------------------------------

--
-- Table structure for table `QrisSettings`
--

CREATE TABLE `QrisSettings` (
  `id` int(11) NOT NULL,
  `merchant_name` varchar(255) NOT NULL DEFAULT 'Kinterstore',
  `qris_image` longtext CHARACTER SET utf8mb4 COLLATE utf8mb4_general_ci DEFAULT NULL,
  `is_active` tinyint(1) NOT NULL DEFAULT 1,
  `expiry_hours` int(11) NOT NULL DEFAULT 24,
  `instructions` text DEFAULT NULL,
  `createdAt` datetime NOT NULL DEFAULT current_timestamp(),
  `updatedAt` datetime NOT NULL DEFAULT current_timestamp() ON UPDATE current_timestamp()
) ENGINE=InnoDB DEFAULT CHARSET=utf8mb3 COLLATE=utf8mb3_general_ci;

--
-- Dumping data for table `QrisSettings`
--

INSERT INTO `QrisSettings` (`id`, `merchant_name`, `qris_image`, `is_active`, `expiry_hours`, `instructions`, `createdAt`, `updatedAt`) VALUES
(1, 'Kinterstore', 'data:image/jpeg;base64,/9j/4AAQSkZJRgABAQAAAQABAAD/2wCEAAYGBgYHBgcICAcKCwoLCg8ODAwODxYQERAREBYiFRkVFRkVIh4kHhweJB42KiYmKjY+NDI0PkxERExfWl98fKcBBgYGBgcGBwgIBwoLCgsKDw4MDA4PFhAREBEQFiIVGRUVGRUiHiQeHB4kHjYqJiYqNj40MjQ+TERETF9aX3x8p//CABEIBQACQAMBIgACEQEDEQH/xAAyAAEAAgMBAQAAAAAAAAAAAAAAAwQBBQYCBwEBAAMBAQAAAAAAAAAAAAAAAAECBAMF/9oADAMBAAIQAxAAAALpAAAAAAAAAAAAAAAAAAAAAAAAAAAAAAAAAAAAAAVMwixmrEXlMbSra5U3F/kd+bHX2uROnvcb2RrYNfrTufWk3YRxlgAAAAAAAAAAAAABjXFmzznRjEOrNlY1G1KfmCE3OPERjE+rLvuL2X1ewAAAU8XRUzaEKYNTthotpZHjSb4aTdhRo7wVbQAAAAAAAAAAAAAAAU/F8UL2Rrvd4VLYea9oVvcwoL4oeroAAAAAAAAAAAAAAAAAAAAAAAAAAAAAAAAAAAAAAAGBRrbQkANObhDqTeIPZIaE3ysLKnZPap6LLxAWnmsW2KhceIydVqm0AAAAAAAAAAAAAAAAAAAAArWRrNnS8l8DV7SiQUdhIQZvUTa6bc0ChcyKqT2SeLngoR3oSvsPVUlqWoSO5FfKXjExsAAAAAAAAAAAAAAAAAAAAAAI5AAABVsegAAAAAAAAAAAAAAAAAAAAAAAAAAAAAAAAAAAAAAAAAAAAAAAAAAAAAAAAAAAAAAAAAAAAAAAAAAAAAAAAAAAAAAAAAAAAAAAAAAAAAAZkIkwhTCFMIUwhTCFMIUwhTCFMIUwhTCFMIUwhTCFMIUwhTCFMIUwhTCFMIUwhTCFMIUwhTCFMIUwhTCFMIUwhTCFNEYABLkAAAAAAAAAAAAAAAAAAAAAAAAAAAAAAAAGMiEAEwBHCOajJSbDxi0evPieJkecWj1C81n159eqzBc1uazsR3oAAAAAAAefQAAAAAAAAAAAAAAABCACYCpbhq1l6OLj02PiORXGSzOMDyepj378e+kQYkh4XtjRRpd1qDxs/eoN15qVi/Lzk5usaH2brzrPZt4KcRLZp2i9SgiNy1W1AAAAAAAAAAAAAAIQATAQzaeGl22m3PO1+KfHO3mrd9RNWG76Kduv4LU1e105seIom6O9Wn3A0G1sDSybgaS9dGmtXxqvWzFHX74au/KNL63A1e0AAAAAAAAAAAAAACEAEwGt2Wsh49aC/wAb7by9EvrR6e7tvPDSJ7SLQ7yIk9x+KvdO/Slth2oK5YRZJFaY9sZADz6B5PQDERMeT0ikMvHklQCdBkmR+j0eD2eD28+SRjIABHJ5HoAEIAJgKV3W1nxr5rPOZNNrtrW2lsW7/PXqoN7HWeZ3kc/Xjva3qKOMvjUbzpXYjtVRvCl7tCpm1gqYt+TEFzyV8TyFbzbjIoLwhzP5PVefBTzbwRYsiPPsQeLVU8ye4yCx7lK1fYxkXqfyQy5yZefQ8+h49gABCACYDWbPXUmlsqt+k8Jf0uytHU2tNb49b9eOK0ebXPeLUtX9hVl7npxI3g6wKpaePRl48krAy8ZPTx6MgK/slV5CRWwWleQkReYTtbdreVHi1ZUYkefSAkAAAAAABCACYCrajqhhz6pbXWtft+XSLX7zFZ0mdzWidH0VXZ6s9CKJ1pR20MWvNvmM4tbXbEmjLY8lGzJIQYsYNfYlkK9bY4K9nx7Kfm9gpXM4Ka8KnqyEE6s663Mrap6spiri2T59FqBIAAAAAACEAEwAMRTIQSe0SEw8+kIpSUGZkxp9jOvQKdAAAAAAAAAAAAAAAAAAAAAAAAIQATAAAAAAAAAAAAAAAAAAAAAAAAAAAAAAAAAAhABMAAAAAAAAAAAAAAAAAAAAAAAAAAAAAAAAACEAEwAAAAAAAAAAAAAAAAAAAAAAAAAAAAAAAAAIQATAAAAAAAAAAAAAAAAAAAAAAAAAAAAAAAAAAhABMBFLEYmreS2hpGzVMlqv6lMQeYi/mKMsoYS5FVyXlMXEUZYzWrGy8e6hajiwWs6+QuKsZeUbxjNMXPMcJcVMFxRwX1TBLPTiNi1909qsZeVMFxr/AGXVPyXlC8ZUozYqXsmkqWwCEAEwEUor5nEMVsRZkCtZFeSQePEwijsiGO0IsyBDMIYrY8+JRHiUUpbAgTipbxkh8WcHnxMIvM4rSSiHzYEcdgQzBHiURxWRXkkEPqQVLYVsWh48yivYACEAEwAAAAAAAAAAIsxQk/jMB7vU7hBjI9+acpdr2NeXMVvZZqXaRL6xWLfnx7Pdbz7JvUItAAAAAAAAAAAhABMAAAAAAAAAAAAAAABjIYyGMgDGQefQYyAAAAAAAAAAAIQATAAAAAAAAAAAAAAAAAAAAAAAAAAAAAAAAAAhABMAAAAAARErRDetEN60Q3rVXCy1mzCvqjetEN61/sutFeL4ABrzYKlsGtNk0Q3qvYBqTbNEN60Q3rRDevHsAAAAAAhABMAAAAABRvUj57vNd3xyTZDW1uk9nMddyPZHObnWTGw5Hv8ARnJbbHaGhs2Ijj5ep5E6PY8RuzdUNFCdHUgsizz+DteV6Kmc9W7iiSTTcqdjxfSc2LO+8GkbIa3R/S/n5292ldAAAAAAIQATAAAAAAUrtI4jtOL7Q+dA23Vcr1RzHX8h2Jz1qGEuayDTGz6DjB1l7U9ENLnYGt1vUckY6zW9Qa3T7KQ0e9xYK1mhbNhqNvojaaivviPke84M6fleq5U1IPovF9pxZ292ldAAAAAAIQATAAAAAAUrtI4jvfnXTECcSXddSK3Ycf2Jz+01uDd6Ha2zj629wbCteolTruR3xnktnqCTcaPydnf5rYmkvVsnU6mzzB1NOLSFz3d0J1/G9JzZ09PW3SBON9we+5k7+7SugAAAAAEIAJgAAAAAIJxyrqhyrqhymeh54uTRbM5DrdCL92ncNHnXTm6n2Q1FHZ8oePWo2xnaZ25p3jXnW89PpizV128N56ob4a/eaM2Gt2esKbodSVHRacquk0hup4pQAAAAACEAEwAAAAAEE8RzNmloT6bX5rJmRCSeUxq6XQ+C/cobw4el0/NG42fPVDtOT6SwfOtpL5Oq2mvgPfJdf5OY2njdHGdLqtqTXNdrzY0s+B65/szVc/dum/p7iYh4HoYjd3YpQAAAAACEAEwAAAAAEE8Zy3nZ7c+dddnYFbi7+tOknpyHUaTV0inuuYHVbbjerIeM7PjDY9ZwXUG+87EanktzriLruSwbGhBdL/nfVzV6TuOUI6O11xr+/wCA3Z0Gt8zkHTaTeHB9rxVw7dDMAAAAAAQgAmAAAAAABW5fo+DNzWu6QdPZuFS9ywxzu31ABs91z9gaoHUcv1Bt9Jb1Jst3m8clTuao94hoH0PZfP7xs63PdabLkNxCcj0mr68429HsDpLXI9Ka7jvpemLl2KUAAAAAAhABMAAAAABXseDkruaBUj22pPoEMXKFjUbbdlVe5kl5vaDV7W9qDqb0cV6SWOdxsz9L55wde5AdHX0mTfcxv6+PRrqWN5S9PqOb3xzG+0G/Od6XmukPWlsezltjUonQ9Z8y+jF8AAAAAAEIAJgAAAAAK9ikcfDrZjvuQ9a8+k6mjuyHacQOx1NbpTj4eu0RPz0ewOn57reS2Zomdhtza7bR7LN2oarpNaa1sNfp4y9HznW4tPAeL/O49NuzsdqcfaxtDQ3OlHG3oKB2U/Odqa3U9l87O9npXQAAAAACEAEwAAAAAFK7SPm4LvXcx9BNZeloGj5XZ6ws9Px9k7nj9ptzmNzmsbfU9HzmzNFahu68+btGtw67aHVdTS3PVLFfZnl63ktti06Pnev02PTHatbc4vs86csa7bWypzn0DhjU/RNRUOz1XM9iTSAAAAAABCACYAAAAADz6qlKlS6A4HZ1OiNRZ52Y6bS7DYltzA7C9zGyK3JS2jpNX0ei1Z7lLFXXwvbHQXqzv8eKmHVqq3YQ6ePNW7tLlfm4a3T5u+yqVtEbHXdFqTqdx86nNlbbw5HZ7DmjfbSvbAAAAAAAIQATAAAAAAUrtI+d3ddeK276KoQaDFU6/mdnvz5863UFjsYKxqYJOjLnJdbyuvNsPek96OW9zofFZliNXCTZ6hS/WaOv0fm7PmPb6Klx693xvVc6UK/S6g1XXcjfNl02u3ZynPbDVGx7nT9CegAAAAAAQgAmAAAAAA8+hz/HfUNecfb2vIHW894rHYUq+1N5oef2BQ2HQTGKe40BJsOZ3cxTxrWjjsmt3ZWdHpCvnWDqdfpr+frzFfdaWLdzpN3pDXdNDUKOr7TniOXViXrnQGOO7SiS2fHsAAAAAAhABMAAAAABUt4Pnl/qKRPx1vryJjijp9Rjbmwl4TcHWmoPPGqp0nWfNeoNxz/XxHy/q4pTquTtQnJdP0Ng43a7uQh43Yzk+kl0JN1PF2z6LDW0Rrdb3GwOEka4+k8p004tefQAAAAABCACYAAAAACpbpHC3NLsjqeS+j1T59Z7jXHnkVUb3RSHdcU2JnZTUSDZZqlifc+zlvefJnz1GDSb/wAewCLk+x4s2e2128KbnN0bGPlegOa19noD1y30T5+VvdEfS7VK6AAAAAAQgAmAAAAAApXaRwvX8n2hy/T8f9BPm+w7DWkPFb3rz5nue01BtZPne7Njqtrxh2FHQb86/Qb/AJo5bEPSF/oo5Dmed3fLnb05qRp4Op3xrN5xm7NlJ6406vj9ZXHf/PbB9Ngq8uddwfczEN7GQAAAAACEAEwAAAAABTJ5fmQ+jzfMh9NfMh9J1vPducZ2ei486vj972B81h7LWGg6azWL9LrcHKc39Q5I0PU8Z15B76nJHyU3MHvteElPprU6Yc+8Ha7jX6A7DhOv5MoRee9OJ+gWZQAAAAAACEAEwAAAAAFK7SOG+g8B2pcfMh9N1HPdMcx03M94fLtv3Ho0Or2/Dn1FyGzI+P6G0cuhHWo5Dkuv5Drjp+UzKcl1lPYmr5/otiTbrjNIbbSevJ3u1+Y5PqHAa6Mx9Di25wPYcV2hfAAAAAABCACYAAAAACldpHEdpxfaHzpkbXquW6k5jvOD7wAxjT8QfUM8Z2ZztLrx5c/WJPEkZ0/LScqY67j/AEdHzvXUDn+04rJvdxxXbGj3u8HlxGnNl0/CZPqT5d35f4D31hPcAAAAAACEAEwAAAAAFK7SOH+i/Lcn098wH0/V8INr3nC90ANBLpTQ5+oj5d0V7jz6hnk+sOZjl8HUeeZ5Y6O1jpTHHyXDGsk2h51HrcHvchwvRbgY4CXUHd8vre9PXIfQRSugAAAAABCACYAAAAAAAAAAAAAAAAAAAAAAAAAAAAAAAAAEIAJgAAAAAAAAAAAAAAAAAAAAAAAAAAAAAAAAAQgAmAAAAAAAAAAAAAAAAAAAAAAAAAAAAAAAAABCACXMUoAAAAAAAAAAAAAAAAAAAAAAAAAAAAAAAAxmIwAAAAAAAAAAAAAAAAAAAAAAAAAAAAAAAAAAAAAAAAAAAAAAAAAAAAAAAAAAAAAAAAAAAAAAAAAAAAAAAAAAAAAAAAAAAAAAAAAAAAAAAAAAAAAAAAAAAAAAAAAyMAAAAAAAAAAMjAAAAAAAAAAAAAAAAAAAAAABKefYAPPoQpYgAAAAAASGPYAPPoQpoQAAAAAAAAAAAAAAAAAAAD37Ua0q6zFzB5lTY1vB0zX7Df6bx7WvCAAAAAD37CrBrZdmW601ftTobPK36T0fj2wbIQAAAAAAAAAAAAAAAAAAATUL6tORW6nmePYxnF+kNutmtepzrtj6PrQi9wAAAAJgc5Ut2PTwancZ3HHryFzYa/rz6MebuhAAAAAAAAAAAAAAAAAAABLmKUh9+1a63R9dDwzcv733rlwlmRbfRwJkAAAACZFKc/nf+dHDTNzk0se99Aiz98AAAAAAAAAAAAAAAAAAAAe/AmRSGQHnwZ8gAAAAAA9eRMi9noB58GfIAAAAAAAAAAAAAAAAAAHnJkAAABgZMGXnJkAAAwZYyAAAGBljIAAAAAAAAAAAAAAAAAxnBU9evRjznJ4z7yZ8+vJHYjlKnqQQyPYgmwI5ME+cZAEE8ZH59DPn2Mxz+COeGYre8jznODPnPsxNHIAAAAAAAAAAAAAAAAAAAAAAAAAAAAAAAAAAAAAAAAAAAAAAAAAAAAAAAAAAAAAAAAAAAAAAAAAAAAAAAAAAAAAAAAAAAAAAAAAAAAAAAAAAAAAAAAAAAAAAAAAAAAAAAAAAAAAAAAAAAAAAAAAAAAAAAAAAAAAAAAAAAAAAAAAAAAAAAAAAAAAAAAAAAAAAAAAAAAAAAAAAAAAAAAAAAAAAAAAAAAAAAAAAAAAAAAAAAAAAAAAAAAAAAAAAAAAAAAAAAAAAAAAAAAAAAAAAAAAAAAAAAAAAAAAAAAAAAAAAAAAAAAAAAAAAAAAAAAAAAAAAAAAAAAAAAAAAAAAAAAAAAAAAAAAAAAAAAAAAAAAAAAAAAAAAAAAAAAAAAAAAAAAAAAAAAAAAAAAAAAAAAAYZGGRhkYZGGRhkYZGGRhkYZGGRhkYZGGRhkYZGGRhkYZGGRhkYZGGRhkYZGGRhkYZGGRhkYZGGRhkYZGGRhkAAAAAAAAAAAAAAAAAHmoXVK4ZAAAAAAAAAAAAAAAAAAAAAAAAAAilhOcRjpbFayAAAAAa7WX9OWtpot0bIAAAADGahWrU7J0AAAAAAAAAAAAAAAAAAAHn0Nc2I8ewAAAAAq67djS7KwAAAAAAPFS8AAAAAAAAAAAAAAAAAAAAAAAAAAAAAAAAAAAAAAAAAAAAAAP/EAAL/2gAMAwEAAgADAAAAIQAAAAAAAAAAAAAAAAAAAAAAAAAAAAAAAAAAAAAFANBCFCKICAAAAAAAAAAAAAAAADMFMJLAAAAEEMAIAAMAAAAAAAAAAAAAAAAIAAIIEMIAAAAAAAAAAAAAAAAAAAAAAAAAAAAAAAAAAAAAAABJAAACAACADCBABAAAAAAAAAAAAAAAAAAAAAAKAAIMFIOKKANLHAAAAAAAAAAAAAAAAAAAAAAAAAAAAAAAAAAAAAAAAAAAAAAAAAAAAAAAAAAAAAAAAAAAAAAAAAAAAAAAAAAAAAAAAAAAAAAAAAAAAAAAAAAAAAAAAAAAAAAAAAAAAAAAAABAAAAAAAAAAAAAAAAAAAAAAAAAAAAAAAAAAAAAAAAAAAAAAAAAAAAAAAAAAAAAAAAAAAAAAAABmZbgqgBQAAAAAAACAAAAAAAAAAAAAAAAAAAF/BxczaNgBIIOGNCCGAAAAAAAAAAAAAAAAAAFgi+ZjE2gAHAIMMEEIIAAAAAAAAAAAAAAAAAFBCS/sqGAACCCAABABACCDCDBBAAAADAAAAABD03AxY/QAANFEOJGFFNAENCEIJKAAIAAAAAEu4vUJVIwBDCCCDACBDCBQDAAgAAAAAAAAAAE5MViTdtyUOCBGJCNKIAAg4QAQAAAAAAAAAAAEAAU4kQwAAAAAAAAAAAAAAAAAAAAAAAAAAAAAAAAAAAAAAAAAAAAAAAAAAAAAAAAAAAAAAAAAAAAAAAAAAAAAAAAAAAAAAAAAAAAAAAAAAAAAAAAAAAAAAAAAAAAAAAAAAAAAAAAAAAAAAAAAAAAAAAAAAAAAAAAAAAAAAAAAAAAAAAAAAAADBCBHABHBBIBNJAADBADCBADBBBAACAAAAAAAAIAAEEAAAMIAAEKEEAMAEAEEMIAIAAAAAAAAAAAAAAAAJICHAEBBHINJAAAAAAAAAAAAAAAAAAAAAAAAAAAAAAEEAIAEAAAAAAAAAAAAAAAAAAAAAAAAAAAAAAAAAAAAAAAAAAAAAAAAAAAAAAABAAADAAAABAABABACBAAACAAAAAAAAAAAAAAFJDDEFIIKFDKAAPKMCCDECAAAAAAAAAAAAAAFFAPFAGAJJGEDKEEHIPAKKAAAAAAAAAAAAAAFAAFAGIIMKAAKCENOKKAAKAAAAAAAAAAAAAAEAADEDNJMEAHNCIKAJCAAKAAAAAAAAAAAAAAEHFNJPAHEFHINOHFMMOEBIAAAAAAAAAAAAAAEKFKFHMICMEHKDNJEBNJLAAAAAAAAAAAAAAAAMOAEKAEIAFMBEAHBEKAIIAAAAAAAAAAAAAAFAHFBBCGB1DDCPsCCLGEFAAAAAAAAAAAAAAAFNFDIEKPMMNsvAKBPHGOMCAAAAAAAAAAAAAAFAMBIAIBIIFlVBpCIILCGAAAAAAAAAAAAAAAFICFPPBIEnOEEGdGALOHOAAAAAAAAAAAAAAAFMOMFBPEF7pvXPlPAFNGPAAAAAAAAAAAAAAAEOOEHIMIFjigjgyFLCEAJCAAAAAAAAAAAAAABJLMGIBMCMAEFGKFMOKGGCAAAAAAAAAAAAAABNMIIFECDDOJKAAICOHOECAAAAAAAAAAAAAAFJMALBHJIFFAAOLANLJHOKAAAAAAAAAAAAAABAIACKHAAEJAGLAFMLPMOAAAAAAAAAAAAAAAFNDFAKAMLMCBFCCDANHAPAAAAAAAAAAAAAAAFFDNAAPAMPJAHLFBIDCDNAAAAAAAAAAAAAAAFLPLAAHECKAFCMCEAMDHAIAAAAAAAAAAAAAAAAAAAAAAAAAAAAAAAAAAAAAAAAAAAAAAAAAAAAAAAAAAAAAAAAAAAAAAAAAAAAAAAAAAAAAAAAAAAAAAAAAAAAAAAAAAAAAAAAAAAAAAAAAAAAAAAAAAAAAAAAAAAAAAAAAAAAAAAAAAAAAAAAAAAAAAAAAAAAAAAAAAAAAAAAAAAAAAAAAAAAAAAAAAAAAAAAAAAAAAAAAAAAAAAAAAAAAAAAAAAAAAAAAAAAAAAAAAAAAAAAAAAAAAAAAAAAAABACAAAAAAAABACAAAAAAAAAAAAAAAAAAAAAGIAELAAAAAAHIAAJAAAAAAAAAAAAAAAAAAAABcTSUAAAAAAILxH0AAAAAAAAAAAAAAAAAAAAAT6NygAAAAAAKeHwAAAAAAAAAAAAAAAAAAAAKE0jRAAAAAACJ/SRAAAAAAAAAAAAAAAAAAAAAAAAIAAAAAAEBAAIAAAAAAAAAAAAAAAAAAAAAAABACAAAAAAAACAAAAAAAAAAAAAAAAAAFLGILEDKKCKAEOHMPOHAAAAAAAAAAAAAAAAAAAAAAAAAAAAAAAAAAAAAAAAAAAAAAAAAAAAAAAAAAAAAAAAAAAAAAAAAAAAAAAAAAAAAAAAAAAAAAAAAAAAAAAAAAAAAAAAAAAAAAAAAAAAAAAAAAAAAAAAAAAAAAAAAAAAAAAAAAAAAAAAAAAAAAAAAAAAAAAAAAAAAAAAAAAAAAAAAAAAAAAAAAAAAAAAAAAAAAAAAAAAAAAAAAAAAAAAAAAAAAAAAAAAAAAAAAAAAAAAAAAAAAAAAAAAAAAAAAAAAAAAAAAAAAAAAAAAAAAAAAAAAAAAAAAAAAAAAAAAAAAAAAAAAAAAAAAAAAAAAAAAAAAAAAAAAAAAAAAAAAAAAAAAAAAAAAAAAAAAAAAAAAAAAAAAAAAAAAAAAAAAAAAAAAMMMMMMMMMMMMMMMMMMMMMMMMMMMMMMMMMMMMAAAAAAAAAAAAAAAAADDAAAAAAAAAAAAAAAAAAAAAAAAAABHKAAAAAAIAAAAAFPAAAAAAAAAAAAAAAAAAAAMAAAAAAMMAAAAAAIAAAAAAAAAAAAAAAAAAAAAAAAAAAAAAAAAAAAAAAAAAAAAAP/EAAL/2gAMAwEAAgADAAAAEPPPPPPPPPPPPPPPPPPPPPPPPPPPPPPPPPPPPPPBJHLMHPBFPPPPPPPPPPPPPPPOPPGFBCFPPPPHDPLDLPPHPPPPPPPPPPPPPPPPDPPPDDHPPPPPPPPPPPPPPPPPPPPPPPPPPPPPPPPPPPPPPPPMPOPNPNMOPNMMPPPPPPPPPPPPPPPPPPPPPPPGPOBMPDLIBPNNIPPPPPPPPPPPPPPPPPPPPPPLPPPDPPPPPPPPPPPPPPPPPPPPPPPPPPPPPPPPPPPPPPPPPPPPPPPPPPPPPPPPPPPPPPPPPPPPPPPPPPPPPPPPPPPPPPPPPPPPPPPPPPPPPPNPPPPPPPPPPPPPPPPPPPPPPPPPPPPPPPPMPPFPPPPPPPPPPPPPPPPPPPPPPPPPPPPPPPPKPPFObzOGThrvPPPPPPPNPPPPPPPPPPPPPPPKPPFOd8RkHldPKOKLBLENNPPPPPPPPPPPPPPKPPFPTZsBbTbfLELHPLLDLHPPPPPPPPPPONPKPPFKv0DLyuUvONNMMMPMPNNNPOMNPPPPPAPKPPFKXDpoAT3vJAJJEDIGFBCLPBOHGEAPPHPKPPFP3cxZ2XL/ADjTzTzTDzDTzn/Dz3zzzzzzyjzxT+8hE3sW/wD4s8ss4sU4o8Ouv8e8888888o88U8/+cdddv8APPPPPPPPPPPPPPPPPPPPPPPKPPFPPPPPPPPPPPPPPPPPPPPPPPPPPPPPPPPKPPFPPPPPPPPPPPPPPPPPPPPPPPPPPPPPPPPKPPFPPPPPPPPPPPPPPPPPPPPPPPPPPPPPPPPKPPFPPPPPPPPPPPPPPPPPPPPPPPPPPPPPPPPKPPFLOOOODMPJMMHOLPPOFJNMPMPMNOPONONKPPFLHHLDPLHHDDLBLLCHOFHPPHHPHHLFPHHKPPFPPPPPPPPPPPMPACLGFHJEDPPPPPPPPPPKPPFPPPPPPPPPPDLHPDPDHDDPHPPPPPPPPPPKPPFPPPPPPPPPPPPPPPPPPPPPPPPPPPPPPPPKPPFPPPPPOMMMOPOMPMPPOPPMNPMMMNPPPPPKPPFPPPPPOMPLBHLNFLJEIPHIOIFPNFPPPPPKPPFPPPPPKAPFBJFDHBMDCEMLCKAPAFPPPPPKPPFPPPPPKDDOEIJNPFABPFOKKIFDBFPPPPPKPPFPPPPPPDDLDHEEHOKGOGCNGDBBAFPPPPPKPPFPPPPPLGLIJGJIHCKMNAKCJKEBJFPPPPPKPPFPPPPPLJKLGOPNPHPIHAKKKKJLKPPPPPPKPPFPPPPPPJAIIPPJHPINOJMADMJPHHPPPPPKPPFPPPPPPANPHPGJADHjrFQMCEBJOPPPPPPKPPFPPPPPOCEJMHMKKtosttnAEMJMKFPPPPPKPPFPPPPPKPNHHLHAItxoXENOJOMLKPPPPPPKPPFPPPPPOJHOGPMIMjJ+0CDLNFEJJPPPPPPKPPFPPPPPKGGCEMCLKrv3vJZCEOIJKPPPPPPKPPFPPPPPPMCHKNEKFIBjkKdKMNDOPHPPPPPKPPFPPPPPPCNOENOFLHNNLKNLKENJHFPPPPPKPPFPPPPPKCIMFPJLAOLEHPGHDOANLFPPPPPKPPFPPPPPKEMCEIMPALDHDLIHGEPJJHPPPPPKPPFPPPPPLHPLEHGPIPBGJMPBJMODNPPPPPPKPPFPPPPPKMADAHFAKDBLMFHMNABKGPPPPPPKPPFPPPPPKBMHFPIDDJAKPLBDBOEFNNPPPPPKPPFPPPPPKFPCFPIPAHGHBLILPPPBOFPPPPPKPPFPPPPPPPPPPPHPHPPPPPPLPPHPPPPPPPPKPPFPPPPPPPPPPPPPPPPPPPPPPPPPPPPPPPPKPPFPPPPPPPPPPPPPPPPPPPPPPPPPPPPPPPPKPPMPPPPPPPPPPPPPPPPPPPPPPPPPPPPPPPPOPPPPPPPPPPPPPPPPPPPPPPPPPPPPPPPPPPPPPPPPPPPPPPPPPPPPPPPPPPPPPPPPPPPPPPPPPPPPPPPPPPPPPPPPPPPPPPPPPPPPPPPPPPPPPPPPPPPPPPPPOPNPPPPPPPPOPNPPPPPPPPPPPPPPPPPPPPPJHPDEPPPPPPILPPGPPPPPPPPPPPPPPPPPPPPHyGnPPPPPPPPLzirPPPPPPPPPPPPPPPPPPPPOOVeIPPPPPPNP15PPPPPPPPPPPPPPPPPPPPPFHqIjvPPPPPHEuY6PPPPPPPPPPPPPPPPPPPPLGNNHPPPPPPPPNLHPPPPPPPPPPPPPPPPPPMPPPOOPPPPPPNPPPMNPPPPPPPPPPPPPPPPPPFFNGMEIHDPPKIEFJGIBHPPPPPPPPPPPPPPPPPPPPPPPPPPPPPPPPPPPPPPPPPPPPPPPPPPPPPPPPPPPPPPPPPPPPPPPPPPPPPPPPPPPPPPPPPPPPPPPPPPPPPPPPPPPPPPPPPPPPPPPPPPPPPPPPPPPPPPPPPPPPPPPPPPPPPPPPPPPPPPPPPPPPPPPPPPPPPPPPPPPPPPPPPPPPPPPPPPPPPPPPPPPPPPPPPPPPPPPPPPPPPPPPPPPPPPPPPPPPPPPPPPPPPPPPPPPPPPPPPPPPPPPPPPPPPPPPPPPPPPPPPPPPPPPPPPPPPPPPPPPPPPPPPPPPPPPPPPPPPPPPPPPPPPPPPPPPPPPPPPPPPPPPPPPPPPPPPPPPPPPPPPPPPPPPPPPPPPPPPPPPPPPPPPPPPPPPPPPPPPPPPPPPDDDDDDDDDDDDDDDDDDDDDDDDDDDDDDDDDDDDPPPPPPPPPPPPPPPPPOMPPPPPPPPPPPPPPPPPPPPPPPPPPOJPPPPPPHNPPPPPKNPPPPPPPPPPPPPPPPPPPPDPPPPPPLLPPPPPPHPPPPPPPPPPPPPPPPPPPPPPPPPPPPPPPPPPPPPPPPPPPPPPP/EADcRAAIBAwMBBQUHAgcAAAAAAAECAwAEEQUSITEGEyJAURQwYXGSFiM0QVJzkFSBFUJVgJGj0f/aAAgBAgEBPwD/AHHO21S1RznvCrNRlV0O3OfhS7yVyxFbkHBYVKz+IqcAU4uNpO4jirK8kMqxuc7vO3CloXA6kU0LKQwOXPUVHcFWyOo6ijcO3A8Ir7v1pGAPXil2bd1BYBqEZjQjJ5864ypGcVL7OuwRnLA8mr4LvjKcOR4q2yn/ADipIMrwTn1pTOnUZHzqzkMiSYPQ9DWCb6M4xg+ddQyMpOAR1qeKWJWKgNxwRSIsjhpTjwjig0SjCgf2rvVp0gcc4FRPHCs5Y4QkD4moyouIihOHPnbo4t5D8Ktm3Lz0I5p4u5ZVY5U9DU15OxxFkD1oXV0hyXP96iue/TnAIPNSZfwiPwg8s1W6AvC2/p0A87d/hpflVsn3XiOBjmrlUMD7scKSKtdRWNdpA+Rp9ShZcFFPzOas7Ne734255qSIEgCMsfyA5JqGGYOp2BVB97JII1yelQ3kUwylGTAyRRkwMkcfMUrbh7ydd0TjGcijgxEEYWpLhpn2A4QcD409kG56GvZxEQx5xVtK0iAnpiuzkaXGqnJ5yVAJxnA6Vfdzc2MzLaiDugqH4kHlaPU+8lQuuBj8+tJbOocNtYsQSc46V7Mviyo5+NG1U58I5+NICAc9Sc+9aNG6qDQtrcdIl/4ruYv0CjbwHrGtKiKMKoFRfcvvj8LZzkVcaleXKhZZSwH8R2n2E1/cCGLA4ySegFDsdFjm8b6a+x0H9W/0ivsdB/Vv9Io9joscXj/TWo6fNYXBhkweMgjoR5/sd+Ju/wBtaurtbbZmKV936F3VreqlrBxFHcxNuHiKla0TVSunxiSK5kbJ8QUtVrdrchyIpU2/rXbXbH8Raftt5/sd+Iu/21rULu1iQxveiBz+YI3U8NnfxmJ9bZ1JHhO0VqYm0W3gitb6QlySFwOlWAnFnB37FpCgLE+prtj+ItP228/2WdozqDqMlYMitO02xe2jneNZZJFDM7DcSTWqaVoqwPLMghwOGTg1b2WoTL7TBE8iRN4c89Ktu1zKdl3bcjqV/wDDXaPUbW/ktngYkBCDkYI8/wBj2X2q6U9TGKk0a6idjY3zQqxyYyMqPlSdnHmlEl/evPjovQVHHHEioihVAwAKvNLsbwHvoQT+ocGtb0yLTrlI45S4Zc4PUefguJreVZYnKuvQih2r1QDpF9NfazU/SL6a+1mp+kX00e1eqEdIvpq4uJriVpZXLOepP8LVzOtvBJKwyEXNT3M97HNNLdAbSMRZ659KtZLq3jilt7jcxYgwjJ4HqKtZ+/gSTbtJHK+h9zFpOkQaRDeXQlYsoJ2n82qDs5os8McqJJtdQw8R6GtT7OadBYzyxB1dELDxZ8tdwC4tpYScblxmp4JIJXikGGU4NMYkkMDsyxqvO3qzYqGYQp3kcrrMH4A6baspzcWsMpGCy5PuIru2tOz9tLOgde6UBDzuNa32gBjgisZCvAdmHGPRabUk1DQLqUcOIiJF9D5cQQgue7XxHLcda1PQhcyd7AwVj1U9DUfZ283p3hXbuG7aecVHGkUaRoMKowB7iPW7VrK3trqw70RDCnftr/EdF/0f/tNPrFmlrcQ2uniIzLtZt5bj+Lj/xAA1EQACAQMCAgcGBgIDAAAAAAABAgMABBESIQUxBhMiQEFRcRQwM1JhkRYjMkJykFSBVYCi/9oACAEDAQE/AP8AscBkgUyDTkCgNxnFHSM4FYNIBkZoGPPKpoF0F18O+xkB1JoOrDBGAORpoCK6sD61hvKmBrc7UpkMD5bYDvoOCDSdadRbYEVbsdDBhlRyrMY/aaSXDbgEeVOIH8Sp9KkTQwoDELYPh33UVIIGSPCopI5GUMSuTvmmYoCE33NJazSDJ29aNjJ8y00c8RGQaZHkZAoycZrBMThv2jvsIzKnrU64O3MHarV45mOoYNRW1vAi9YdTY8aEdpLt1a/6riNr1Izr7Hh50jaTnUckbYp3b8waPUnvsHxU9amb8zaoSetTBx2gDVzYyltWS31qOyuVYFS49Kvb6V5hGxMhXbntSMVBJfHmeQFSSR4xkkn3scbSMFXmSAPU1c2FxbMFlUjPKgmTgHf0rRvjO9MMH3iHDqaGdYIOTRt1hjDHBc7n6VFeugwRkV7Y8nZB0g+NSQJFI2BvnBNcZZorAADng1al4bqMGYy6yWHofGhyHvInCMCc8xUt2rMhQFAoIC8+de1Ple0dvpQunAXtcseHlTEE7eQ96GI5GmllY5Lsa1t5mhI4/caLFjkkmpFEi6X3FQ2FvC5ZEwf6jry7jtITI/oB5mj0jlztbr96/Ec3+On3NfiOb/HT7mh0jl8bdfvVndx3cIkT0I8j3/pH8K3/AJGoLczasSIuPmOK4ZYBbtS7wuMHYHNcSsA125SSFBgbE4qe3MOnMiNn5Tmujnwrj+S9/wCkfwrf+TVaW87sHW2Mq+R5UslxaPrXhoUjx3qy6viUssk9qgCgZbersxe0S9UuEDYFdHPhXH8l7/x1Q/sankZCDV5e3SzNErtGiHCqNthVhf8AEmlVI2MmfBt6lubSM9TI6ozjfG1T9H1YaoJv9GuDWc9qs6yrjLDHf+kQbqYGHg5peJQSKourUSMBjWDg0eMrHGUtbZYvrTu7sWZiSeZNW19dWx/LkOPI8q4XfSXkLO8ekqcevf5YY5oykigqaPALLzk+9fh+y+aT71+H7L5pPvQ4BZecn3qGGOGMJGuFH9LV3cra2007DIRScVcXdzxCK4nmvAugjTDkjOfIVZy3lrFDPa3Wp2cgwDJOB4kVZ3PtNtHKV0sV7S+R9y/EOIy38lvAUGCQMjyqTjPEo5HRmTKkg9mrLjV5JdRRuVKswB2x3a+thdWk0BONakZq5t5bad4ZRh1ODTGCOU28jukSr2inNmx41bzi3j62KaRLgOMAfp01w+5N1ZQTkYLoCfcPbzXHFpkiYq2s9ryFcL4Rh5XukzuVAPj9aFm1pxaCM7qZAVPmO7i2gBc9UnbOW25muMdGhdyme2dUc/qU8jUfRS+1xmUpo1gNpO+KhiSGJI0GFRQAPcPwudbmWaC76vrOY05r2Lif/I/+KXhty08Mk931gjbIGnH9XH//xABNEAABAwIDAwUOBAQEBQMEAwABAAIDBBEFEiETMUEGEBQiURUWIDAyNDVSU1RhcXKRIzNCgUBQYHMkYoKhQ0SxwfAlcJJkdICig5Cg/9oACAEBAAE/Av8A2UlrYYnlpzEjfYXsnVcDYmyX0du+KgqY5s2W9xvB0KmqI4cua9zuA3qOphkjL81gN99LKGphmLxG6+XfzT1cUQd1hn7EKxjXNvUMcDv+CZIyQXY64RIaCTuCfWxGQNbO1otcu/7KGtiPVdK297X7earrnQyNijYC89qFZX31hj+6a7M0H+RTVLIw3jd+XnJAFyUKlrqjZAfpvdbka9pNoY3SfLcumyt1kpXgdo1UU0crczDdTzCFmY/sFt6z3X/9l0mqO6nH/wAkKirO6mH/AMkyqk2jWSw5M243v4mpeyMuZE0baX/y5WzgpaeMya5Nx+J7FTwPdtpZLtMv+wTm5K6kbckCM6lUrQ6prgRduZqogBVV1u1vNifnrr/BTdYFzMuUHssQsK80H1FVPm830FQlgzXtfgTqExpFVFe3lt3c2K+dn6RzYVYS1DWOJYLW5pQ8xvDDZ2U2PxVKydkLWzSZ38T/ABpICdWZ3U2z8l7jf9kPym//AHXNPOyFmZyqpnv6Ww7m5bKl88//AIGqSNsjC124qeMx+W8tjvZjGbymZc4bG6aJ/AP3FQQBnXLQHuHWtuVd5EX91qm8iTfuKp8lpM1i3I29tyot8m7yt43Ks8qm/uKl2uxbtPK8RJQwPkLzmzH4p1DA5jWnNYG41TaKFubytRY6p1HA6NjCNG+T2qGGOFuVgTIWMfI9u9+/mq8OfNPtWyAJ2F1Dhbas/YKkg6PCI73UjM8b29oITcJnbe0jP3CZhcu2ZI+VuhH+3NVUMVTYkkOHFdxW+2P2VLSR0zSG633n+QOpc0+0Mh+ATKFrdj1z+GSfuugNygZz+ZnR1B1Xc8GN7TK45nXun0LXGY5z+JZR0oZLtM36A3mIuo4HsjcDJndwJ4KmjkY3rns/6KeETMynT4rYVnvX/wCq2FZ70P8A4rYVnvQ/+KZSyZ2vlmz5dwtb/wB4oqt085bEy8Y3v/oeSR9dJsotIR5b+1RxsiYGMFgPAxWSdjoNk4i+b/ZQSiaFj+0LFKmVrwyJxGUXdZNmjuyMu65beyfLHHlzOtc2HMayWKvlzEmIOsfhdVbiKWVzT+nQqkcTSxOcf06ldPpM2XbBPkZG3M42HanV1I12Uyi6krKaMgOlCY9r2hzTcKSspo3ZXygFNc1wDmm4Tq6ka7KZRdZha99O1dPpM2XbNT5GRtzONh2plTA+TI14Lk+tpWPyOlF1QEGetI9f+WVcLp4HsDrEqgmaB0dzckjOHb4Nb55Q/U5UrhTy1EDvJb12/JSAuoqioO+R4t8lWjIynqBvjIv8in/j4hEB5Mbc335oY2y1dex242W0dHT1NLJ5TW9U9oTNl3NZtTZuTVSuBpHNbRuyZdCbfdSG+Dt+kIwQ9BtkH5X/AGWGwx9EaSwHNvVI4xU1Zl/Q99lRyZYPNHvLt7tNUwzQ0dX1HMF+pf4qlp4RSxtyDVov+6MEMFG9j3nZqVwNI5raN2TLoTb7qQk4OPpCayOCjzsYARFe/wCyw6GPorXFoJfqbrDmhktY0bg/+W1dIJgHNOWRvkuVJVl5MUoyyt3jt8CpgkkqKV7dzCbrEKN85Y6PR24/JVdM59HsYh2W/ZSRh1O5jvU1WEx2gMh3v/6Dmp4JGVVTIdz7WWIUfSGXZ5Y3J1I59A2A6OACc3EpYjEWMb1bF3ajTTHDhDbr2RY7o2Tjs7f7KiifFTMY7eFS07mNqGyDR8jj+xUbK2mBjYxsjP062TYpZIHsqCLu7OCYMRhZsgxjraB90+je+jMTpLvOtz2pzcSliMRYxvVsXdqNNMcNENuvZNZ+CGO9WxUTK6mBiYxr2fpJKooJonTmW13Ovf8Alxijc8PLBmG4+HUUxnsNq5reIHFMa1jQ1o0H/wCdoQaFYKwVgrBWCsFYKwVgrBWCsFYKwVgrBWCsFYKwVgrBWCsFYKwVgrBWCsFYKwVgrBWCsFYKwVgrBWCsFYKwVgrBWCsFYKwVgrBWCsFYKwVgrBWCsFYKwVgrBFoR8GMf0G8bvBj4/wBBycPBj4+B0nr23IOKYXlrdeGqlLgw5d6bJmbcKN73F3ZfRa85m/zLaOPFOkl7VFUOO9NcHDT+ZScPBj489QbNHzTxcfFRSWGq6zRf/wACdtXC2lu1BvV/y9namIuAWdqf1sovopeoGhrRclNYf1AA/BW6qyZbuVE83cPh/AuextszgL9v8hk4eDHx56/RjPqTJJM5da4UZjPWFtePN5PyVwBbNda/IICyKs2/lC6cHW11QH+bmkhDlAwMd+3gfi19TKwSFkMZsbcSqiifSMM1NK/q6lp1BUNSx9MJ9wy3PwUUjJGB7DcHio5onvexrrubv+Cnq6eDSSQBQ1MM4vG8FTVMEA/EeAoKqnnB2b7o1VOx7mukALRcqGupJXZWSC6kljibme4AKLEKSV+VsousY/5T+8EcRomuymYXVxa6OJUTXW2wTXNcA5puD/GycPBj489VHtGtF7apjGRnTemXcS9mnw7Ux91fn14lf6it2/UKwbqEN9kSnF/AKHrSl3+Xd4GDfkz9u1KqLdHmv6hVJfuLJ9L1hZ/wMKoTavr/ANlRVUGaWaaJ73ud6t7BQSN7ptfDG9rHts7SyjqIum1Es0bn2dlZpe1kZWOr6eSCJ7dbP6tlsY5cZkD23AZeyxSOON9JIxoDtqBosUhkc6neI87GHrMT5MOrMrD+E8HTTKVjDbx0zT7UBVdLTtopQIm9VhsqXK/CmiR9m5dT8FHNRbHZx0sj2duTesEP+FcOx5/jZOHgx8eeqkbHHmcVVVjpJeobBYfLmCkYXdaPygo6lp8rQozxjin1j72ZGfmVGHys1e4apxniPlE9ijrWXyvsCs1hduoW00sD8k12bKU82UYG1J+HgFk9DUySMjL4pNSBvCrcSMrNk2N0efQufom0rRRbBp/4drqkqpKaEQPppczewb1hrZulVb5Yi3NZQmXDpJGOhc6Im7S3Wygq5ppdIC2K292huvxqCqlfs3PhkN+rwKjrJp5WiOBwZ+pztPso2P7ryuynLk38FirHvFNlaTaYblWOq4pI5IwXR/rYN6rJenMbHHTPzX8pwtZYnHIWUgALrSC6qwTSzgeoU2nmfg4jAId2KGulELIm0km0Atu0WDskZDK17SDtOP8AGycPBj48+Oi9PF/d/wCyjpnEqmgyWBWZwatmw72hCOMbmhWb2BDZi/XGp7UQ13xRgYL9T7IUzWnq5whFa13XA7VplF0+wF3P0VPUsfUOYD+i/gzwxzRlkjbhQwshjaxu4fyZz8vhScPBj48+LW2cP9z/ALJuUtGVEgalNcHZbfNdd8mhsAms9Y3KyN7ObK3sWTsJTzK2+gt2oElmqvdrWD91NDnD+3gsNpdhUP3XLf5brEf8vgycPBj48+LQyTwMDBuenCogHXjJ+Kp5BUxlrTqBuUA6o+SE7Q1VmMCM5IW3d2lOxSud/wAX7LuhWe3cm4pXD/iqHHX/APFjB+IUVZDIwOzDXgs3ULvmn1AYQBpdB9wqK/TJr+qfAknLJGgbv1KcljAR2hOeQZesNG7kw1JjDwW7tybOwxh5NrrbRZc2YWRc0W1RIAuUyWN/kuujNE02LwnPa0XJTXseLtN0J4icucXWYZst9UZGDNru3oTRF2UOF1HUMc9zb/L4oOB3FOljZ5TrKCS4kJOgcmzRONg8LbRN3vCmmDWXHZoVtxkvr87KOpuwEg/HRQzB62j3eRYDtKbI8EB4Gu4hGWJhsXC62sdr5tFt4TueEyRj/JddbaLNlzi6LjtbZha27iqZxfE0lPljZ5TrIEEXHgyOAFt5UbS1vgScPBj48+JSGOONw9dRP2jAbKZjaOqZMBaN/Vd8FBo617i2nxU9WI53xvbax0KkiD5Pwze6ZQdq6AxPoSNxTo3tOoVC10UdncToFbqtYnCN02t7raNaLk71QyB9XJ9HgN2j2yHZXz8bpzi6nbfeHAFf8Sp/tqKKR0LfxbC3YnANdExoF+BKjbmkqGkjUDcoSZHxtP8Awxr81UWDBpe5XW6TFmLb2O5Qhmxfn7TmXV2sHq5eqpcn42Tysuqfk6Jp2C3zQ85F/ZqTyar5hTNAEFh+oKLzif8AZDLwUeXpE19+lvkgWiGfS4zp+YPguWb+Cha3NPp+pQRh8DAeBWxGTJc2WxGVzQSAU5gjilLexWBfHGfJDLpttk23tNPuoMt572vmQt0dnZtP+6ma3bQadq8mqd/bT7mmv1Q3gOK/5of2lSn8Bijtt5r79LfJR7MNdl3XVx287nWTGcTv8GTh4MfHnxf8ln1qhJIcq6HbUkjeO8Klr56dzWknKDq1YnSidjaiLXTX5Knja0fJNCNgnKaIO/dYXTvc7byk2b5N07O5981gn5I23RiqaiTSSzVh9NFBfINbb+cgEWKAAFgtlHr1eN1kZcm2/egABYJ8TH+UFs2RgljNVAwtDnO3uN05rXCxCbBE2xDU6CIm5bqnRseLEJkbGDQLYRB1w3VPijdbMFsYgC3LvRa02uNyMbM+a2qa0NvYKSKN+rmrZxgEBuh4IU8LdzUGgXsN6a0NFgOci4IWzIs18ee24hMY3yslipYyXk7EO7DdRxBsTWu14otBINtyytzZraro8GvUCyNve2trLZR2aMu7cnxRv8pqMceUNy6IxRnNcb9/iZOHgx8efFfyGfWqD9ScMwyDjvWJWFdPl9ZYXXmMiF/knd8FHFG12djQQVnb8ldvwUkdP2D9kyju7M/yexPeyNnANG4IVNdVSO2OjPWKZS6fiOzFNa1m5U7wZiz/AC3/AJlJw8GPjz4mPwWfWqOLKy/anOyMJTy+SVxd5RdqqahqtrEXMsEx74z2JtWP1NXSYexOrWDyWKpxSXPYFUcElfNeRxyN8pCNkbbAWAUj5C4NZlsf1FS0NRIzzgX+Sw2nqoKuTam7cmhHgRuqZGZgW/JRzB0Wc6JkjH+S6620Wa2cXWY9JDeGROe1u82Uckb75XXW2izWzi6MsbT1nWW3hDQc4WZuXNfRMljf5LgUHA7ijO4VOT9KneY2XG/gjNJsoSLXcUBPfrObZMdO/PlLdHWRnfsSf1B1k588Vi7KQo5Tmex+8f8ARRPdJmdwv1VI/K17rnQptXr1rq41650Q1/WUTb9ZQ3XzFHQeWUy+ci/D+Bk4eDHx566LaRtF/wBSjbYAKos/cfJQpqanO1cwZ1Bnf13fspoM+o3osc3eEI3u3BOprDrutfcpMH64LZPwzx3kKkpmU8AY37qtJ/DjH6yqzJE2HS+U6BdKn2ufNqqF4c17r9YuuR4DGy9Gu15+SfbJT5LZb8UGPEuZzm+TuCfc01+qG8BxQ86b/bVQBmh+tPsKkf2yn3NNfqBvAcUB/ih/bULW7afTiv8AgDs2iySbWMucz9kMvBSMzzTDjlFlm213cGR/7o6wU31BNiym+dxTGyETZH26x0TsvRBb1tfmpGuD487y5t/91Vs8gjS5y/sUAAAApLZH37VcSvb1LH5KRhJFvkfkjE67kYdLADyU6I30Gl9y2TrWtfT7Jv5rvpH8DJw8GPjzzNeY+rvTYz+p5Ke5sTdF+JO8uAuAopA4W3Hs5rKyqIRIz48FRuJi1Q3BSSE4g2/B1liWdskTwjJDk6V+q1rfFYdnL5HnihuHO1rWiwGi2UeXLl0TYmM8kLo0PqBZG3vbW1kWg2vwWVubNbVdGh9QLI297a2sg0Akgb1s2AWtp2JsMTDcNTWtbewWVuYutqhGyxFt6MMZaGlugTaeFpuGaoNDb2C2UevV3m6c1rhYhFrTa45sjVs2f+FbNn/hWzZ/4Vs2/wDhWzZ/4Vs2f+FBoG7+Bk4eDHx8DKCnwRuOqjpIoR1VsGHetmFkC2YRjaoqeNgsFZPpITJntqpYWvblcNF3MZfynW7FFA2MWAsP5lJw8GPj/QcnDwY+P9BycPBj4/0HJw8GPj/QcnDwY+P9BycPBj4/0HJw8GPj/QcnDwY+P9BycPBj4/0HJw8GPjzySlrgxrbuKbO8ODZGWvuPhEgC5W3md1mRdX5pkwfGXD7Jk8725hELfNRSiRt7eDPIWR5m9vghz8zrt04c8smzZdRSbRgcmSOMkw9Xcml2UZhY+FHIHZrcDbnMga5jT+rwy+V8zmMsA3f/AARkd0hrOBbfnk4eDHx55YiXB7HWcEJXBzWyxj4FNY2Z8hfuBsAtmY45AZLDgexPyNZmY11/WUjc9SwH1ExojqsjfJLdyqvyHpnkNt2KPfVfNRTSMgBEVwON1TtysuT5Run/AItQIz5IbeyEWxcXNPVt5KihbKzO/UlbR+wy31z5bqogZHFdvap3XmDCCWgbgoerNZrXBhHFVQOzzDe03RdtZogNwGZR/nVOttycI9mXNDyfXURvGw/BTyM20bSbBuqppG7WRgNwdQm/mVfyW+np/rUsbYcj2etqptmZOtd2nkhRNziePUDgCi8yQRM4k2P7ItaW5eCpmMbtXW8lxUULZWZ36kqmechB1yusp4mbeLTyr3UsYdUsZwyJ7Yg8NN3WGjAojpUt1ADdAUIWGmznysqfnfTRbz6yiEO0GQlva08VDCzby6eTayBZJmL2Pdrp8E4v6KQb6O0umRNjvb91K0Pq2A7si2TRUbPXKW3smfhTva3dkvZRQtlZnfqSnOcaZwJ8l9rqaNsYa9t75hqp3XmDCCWgbgox+IWhrgwt4rO7o5j/AFZsqaMrQOxOERc+4c83+yLnGk3/AKlNE2MNe29829PG0qBGfJDboMbHVtA3ZOeTh4MfHnkidn2kZs5bOZzmmQjq8AjHK17nREa7wVsHGJ4c/VydDUyMylzVs3bZj9NG2RjO32nDLZOAcCCtnUsGVjmkcFTt/CcLEO437VFHkiDHKCN0YLSdL6J8TswkYesEyOTMXSO/YbkIp47tY5uX48F0YbHJfXff4p8NTI3K5zVLE4uEjDZyYJb3eR8hzQQ7LNrv/wCi2BzTXOj1sanZ7PM3KmAtY1vYFHFlLy6xJKfDd8bmWFkInZ5zp1xopY3MigbfXOjHM9zdoW2B4J0UolL4yNRrdRRPY97nOBzKGMGokcNw/wCp5o45GPfuyE3Qinju1jm5fjwUUezZZSxvcWOZa7e1ZHbZj9NG2TopWyl8ZGu+6bBIDLdwOdqETuj7P4WWxfsmAOs5qEcrpGuky9XdZNjLZZHetZbKaMu2ZbY8CnwyPhyl2t+YxnbtkvplsjGdvtOGWy2R2+fhlshFPHdrHNy/HgjTHY5Adb3upozIwAdqlhdmD2HrBMEt7vI+QQYHVZI3AXPz5hFOwuDHNykroz9gWXHlXU8ZkYAO1SxPziSMjME2OXaiRxG63PJw8GPj/EhzXC4KLg0XJ8BzGutfhzlocCCmsawWA052yMLsodr4RIAufHHUJkbIxZo8TJw8GPj/AAz5S0hrW3KjnzOLXNyuCFQ43LYrt7VTyCOlzHtVRJI6LrR21HN0h7s2WK9jbehUveOpET2oVDNltP8AZdIeCM8VgeN+bpD7Etiu0cU6obs2uAvm3BNndnDXx5b7lKXBhsLqB+zgzbPcN/ajMXxPLourl7VtQyOOzfKGgTJznyPZlPBdIe7MGRXse1NnaYy/dbeppnuhdeKzSNCtrkjiAFyRoEycl+R7Mp/hpOHgx8f4aZ/4zWF+VtlHlNQ8Ndfqb1TysZFZxsRwQ80aex91VTRuisHX1HNS/wDF/uFUnkyfWVY9HPwkRELgPx3G/DmDw6MufKc3qpuTo0We9r7+xNeWysa2XOD/ALJ/kO+SHmB+Sk8z/wBATx5u4kgZbXTWxbVn4pcQqX/i/wBwrKTTTW9cqWaM05s7eNyfs8sAfcaaO7FE922yB+dtt/8ADScPBj4/wxY1w6wusrRuaFs2E3yi6AAGgQijH6G/bmsBuCAA3BAAbghHGDcMF+bIzNfKLrK21rC3YmsY3c0Dmyttawt2KwtaysLWtog1jfJaAgANwQAG4LZx69QItaRYjRBrW+SAP4aTh4MfH+g5OHgx8f6Dk4eDHx/oOTh4MfH+g5OHgx8fGzzNghfK7c0LvkovUkXfJRepIu+Si9SRd8lF6ki75KL1JF3yUXqSKlxqmqphExrwT2qrqmUkO1eDa/BUeM01XNsmNde3HmrayOji2jwbXtou+Si9SRd8lF6ki75KL1JFQ4rBWvcyNrtBfVVtdFRMY6QHrG2i75KL1JFQYnBWue2NrhlHHwq7E4KJzGyNccwvoqCvirWOdGD1TbXnrcWgo5RG9rr2vou+Si9SRd8lF6kioqyOrh2kYIF7a89VjNNSzGJ7X3HYu+Si9SRd8lF6ki75KL1JF3yUXqSLvkovUkXfJRepIqeZs8LJG7nDxsnDwY+PjcV9H1H0KngdPMyJu9xXe3We0Yu9us9oxd7dZ7Ri726z2jFV4LUUsJle9lgsC9Ix/IrE6R9VS7JhAN+KgopMIf0qYhzd1m/FUWMQVk2yYxwNr6rFaR9ZT7NhAOa+qrcIno4to9zSL20VFRSVkpjYQDa+q726z2jFhOFT0Uz3vc03bbRYvQS1kUTWEDK6+qrsLmomsdI5pzHgsIxCKhfKXtJzAbl3y0nsnqgxOKuz7NpGXtVdiUVFkztJzdi75aT2T13y0nsnqoYcbIkg6oj0Ob4qnlGCB0U/WMnWGVd8tJ7J6oq+Osjc9jSLG2q5R+es/tqiwmesi2jHNAvbVVtHJRzbN5BNr6Lk75h/rKrMZgpJtk9jibcFSVjKuHasBAvxWO+kZPkFSYLUVUIlY9liu9us9oxd7dZ7Ri726z2jF3t1ntGKogdBM+J29qwr0fT/AEeNk4eDHx8bivo+o+lYV6Qp/qVTO2mgfKRcNXfLTexeu+Wm9i9UmOQVU7YmxuBKx30dJ+ywL0jH8iqyqbSQ7VwJF+CmrWYuzosTSx2+7vgsMweejqdq57SMpGnNyj8xb/cC5Oeeu/t81fXR0TGve0m5toqDFYa17msY4ZRfVYvh8lbHEGOAyk71X4XLQtYXvacx4Kgw+StLwxwGXtUH/od9t19ruy/BYviUdcYsjCMt96oMMlrg/I9oy9q72qr2rFBJ3DBjmGcyajL8Fi1fHWyRuY0jK22qoMKmrWOex7RY21WFUT6KF7HuBu6+ixXCJqycSMe0DLbVYXRvoqcxvcCc19FimDz1lTtWPaBltqsLo30dNs3kHrX0XKD0gfpC5P8Ao8fUVjvpGT5BYF6Oj/dVeOQU07onRuJC75ab2L13y03sXqlqG1MDJQLByxX0hUfUsK9H0/0+Nk4eDHx8bivo+o+lYV6Qp/qWM+jp/lz4J6Sh/dY76Ok/ZYF6Rj+RWJUjqumMTSBrvUdE/B3dKkcHjdYfFd80HsHrvmg9g9YpjEVbTiNsTm9a+qwuuZRTmRzS7q20XfNB7B6lmGNgQxDZlnWu5YVhUtDLI5z2uzNtoq/EGULWOewuzHgpX93LMiGz2WpzfFRN7hkul/E2u7L8Fi2JsrtllYW5b71h+GSV20yvDcvasJw6ShEoc8HNbcsQxSOhdGHRl2YcFNGccIki/D2ehzfFd7VR7diwqhfQxPY54N3X0Vfi0dFKGOjc64voqGvZWwuka0tsba81djEVFNs3ROJtdUFa2sh2rWluttViWCzVdSZWyNAssNpXUlMInOB1WO+kZPkFgXo6P91jfpKb9ufBvR0HyWK+kKj6lhXo+n+nxsnDwY+PjcV9H1H0rCvSFP8AUsZ9HT/LnwT0lD+6x30dJ+ywL0jH8iq2rbSQbVzSRfcn1rcYb0VjCw77n4LvZn94Z9lX4NJRQ7R0rXa208Dk151L9CxCvZQsY9zC7MbaKSTu7aOMbPZ69bXesJwqShfK50gdmHBYthr64RBrw3LfesRwx9Ds80gdm7FyY/5n9ubFsKkrnxFsgblHFYXh76FkrXPDsx4KvxVlC9jXRF2YXWH4g2uje9rC2xtqsUweStma9srW2bZYZQuooHRueHXdfTmxPBpayo2rZWt6tlHWNwYdFezaHyrj4qgrG1kG1DS3Xmx30jJ8gsC9HR/usb9JTftz4N6Og+SxX0hUfUsK9H0/0+Nk4eDHx8bivo+o+lYV6Qp/qVdTmppnxA2zcV3sTe8t+y72JveW/ZUOByUtUyUzNNuFljvo6T9lgXpGP5FYlSGrptkHZdU2hdg56U94kG6w03qgxplZPshCW6X3rEqJ1bT7MODete672JveW/ZV+EPoog8yh2ttyoKF1bK5geG2F1heEPoZXvModdtlym/Ip/rK5M/n1H0DmxHEm0IjvGXZliuJtrtlaMtyrCsTbQ7W8Zdmsu+eL3Z33WHYk2ubIRGW5TzcpvOIPoXJnzab6+bEMYZRTCMwl2l96w+uFbCZAzLrZV+NMo59kYS7S+9Po3Yy7pTHCMeTY67kyuGDjor2bQ77jTeqKtFXBtQzLruWO+kZPkFgXo6P91X4FJVVT5hM0X4WXexN7y37LvZm95b9lRQGmpmRF18vFYr6QqPqWFej6f6fGycPBj4+NxX0fUfSqSfo9RHLa+U7l3zs92P3XfOz3Y/dd87Pdj913zs92P3VfjjaumdFsS2/G6wL0jH8iq6rFJBtSzNruTq4YwOitZs+OY67k2jODHpTn7T9NhpvVBjLayfZ7HLpe91X1oooRKWZutaydUjGv8O1uyt1rnVNpzgh27nbXN1bDRYdi4rpXMEWWwvvXKb8in+srkz+fUfQFiOICgbGTHmzFOd3d6rfwtlrrre6xLDHUOzvIHZvgsNwx1dtLSBuX4LEsNdQmMGQOzLkx+VU/UFiOLNoXsbss2YdqdEcd/Fadls+rY6ps/cP8Fw2ufrXGiw6vFbE5+TLY2XKPz1n9tcnPMXf3CuUXn/+gLk75h/rK5QekD9IXJ/0ePqKx30jJ8gqDHG0lM2LYl1uN13zs92P3XfOz3Y/dd87Pdj913zM92P3VXP0iokltbMdywr0fT/T42Th4MfHxtVB0inkivbMLXXew73kfZd7DveR9l3sO95H2Xew73kfZd7J95H2Xew73kfZUOCGkqWy7bNbhZcoPR5+oLk/6QH0lYlRdNg2WfLrdYdgxop9rts3VtuWI0XTYBGH5etddFOCf4gu2l+rbcjUd2/wA3ZZetfesNwk0Mrn7XNdttyxLDjXMY3aZcpvuWGYWaB8jtrmzC25cp/yqb6isLxLoLpDs82YBYnifTtn+Hly3WF4n0Hafh5s3xRb3d6w/C2X73us/cLqH8Xa69m5GPu7+IDstnp271heHGhZI3PmzG65S+dRfQsNxfoMTmbLNd196xKu6bMJMmXq2XJzzF39wrEcFNZPtdrl6trWWG0XQoNlnza3usRwU1dQZdtl07Fh9J0On2WbNrvVfghq6h022y34WXew73kfZd7DveR9l3sO95H2Xew73kfZd7LveR9l3sO95H2VJBsKeOK98otfxsnDwY+P8FXVPRKZ8uW9uC75z7t/uqDHDV1LYtjlvxusQo+mU+yzZdd66D3H/wAVn2nC25d8592/3WHYz02o2Wxy9W97rEa3oUAkyZutayxHF+mwiPY5bOvvXJvzyT6OfE8Q6CyN2zzZjZYnivTmxjZZcp7ebDMM6dtPxMuWy72P/qf9lhmG9AEn4mbMuU/51N9JWGYr0FkjdlmzHtXfOfdv91iVf06Vr8mWwtzYbg/TYTJtctnW3LpfcX/C5dpfrX3b1htb02Da5MvWtzV+NdDqNlsc2m+6w+r6ZTiXLl1VdjfRKh0OxzW43VBV9Lp2y5ct+Crcc6JUvh2F7cbqgqelUzJstr8FWY70WofDsL243VFUdJp2S5bZuCq8fNPUSRbC+U9qpJ+kU8ctrZhu8bJw8GPj42qm6PTyS2vlG5d87/dh91R4++oqI4tgBm435q6pNLTPmy3twQxN2K/4Mx5M/wCrfuXew33k/ZOw/uT/AIsSbTL+ndvXfO/3YfdV+NOrINkYQ3W+9YdRdMqNlny6XuqDBhRT7XbZtLWssQohWwCPPl611iWDiihEm1zXdbcsOrzRSueGZriy753+7D7rC8WdXSPaYg3KL71iVAK5kbdplylYphQoWxna5sxPDmw3EzQ7S0ebMsLxM121vHly82JYUK58btrlyjsWKYcKF8bdpmzC6wvCRXMkdtcuU23LvYb7yfssToBRTNZnzXbdcm/M3/3FiGDCtn2m2y9W25YfRdCg2efNrdYljTqOo2QhDtL702h7sf4ov2fC2/cjXnBz0QM2ltb7t6bh/db/ABZfs836d+5HEjhJ6II8+T9W7eq2p6VUPmy2vwWCejYf3VXgIqqh823tm+Co6fo1OyLNfLxWK+kKj6lhXo+n+nxsnDwY+PjamATwSRXtmG9VmAR09NJKJyco3WVLUGnnZKG3y8F3zy+7N+6GKOxQ9EdGGB/6hqn4Y3Ch0xsheWfpItvXfPL7s37puIOxY9EcwRh36hruXexF7y77LvYi95d9k+jGDDpTH7Q+TY6b1huMvrajZGEN6t9/Nyk8zZ9awyhbWzOYX5bNusUwltDEx4lLrm25YdiDqF73BgdmFlhWKurnyNMQblF96xHDW1rYwZC3KTwWK4W2hEVpS7NfgsKw1tcZLyFuWyw3DG0O0tIXZvgsUxR9A6ICMOzArCsRdXtlLow3KQsRwllc9jjKW5RbcnynAjsmDa7TrXOiwvEHV0T3lgbZ1lyk88j+hcm/M3/3FiWMPoqgRiEO6t96755fdm/dMohjI6U9+zPk2Gu5OrXYOeisYJBvzHTeq6rNXOZS3LpuWAej2fMrHPSUv7KgwJlVTMmM5bfhZUdKKWnbCHXtx5qzHpKapkiEDTl43TcIZiDelumLDJrltdU0Ip4GRB18o3+Nk4eDHx8bVzGCmklAvlCGLyYgRSuiDRJpcKtwKKmpZJhM45eFlRU4qalkRdbNxVJgcdLUMlEzjb4LHPRs37KgpRVVLIi61+KfhzcJHS2PLy39J+Kw/G5aupERha3Tm5ReYf6wqCtdRT7VrA7Sy755vd2fdMqjjR6PI0Rgda41VBhEdDKZBKXXFty5SebQ/XzYdiL6F73NYHZhbVYVir658odGG5RwWI4a2uEd5C3KsOwtlDtMshdmWK4m+g2QbGHZrrEcSfXGMujDcvYsOxV9C2QNjDsx4rCsRfXMlc5gblPBcpvOIPoWH4s+hjexsYdc3TKcY2DPI7ZlvVsNU+qOCno8bRIHda50UdI3GR0l79mR1bDXcsTom0VRsg8u6t1QYzJRQ7JsTXa3VdWOrJ9qWhum7mwD0ez5lVmBR1U7pTM4X4WT8SfhZNGyMPDP1Fd883u7PuqCpNTSxyltr8Fi/pCf5rCPR1P9PjpOHgx8fG1MAqIHxE2Dha6psAip52SiZxylVVM2pgfETbNxVLgUVNOyUTONuCr6h1LSvmDQSOCrMclqoHQmFoB4qjqnUs7ZQ0G3BMxB+LOFI9gYHcR8E+hbhDelxvLyNLH4rvmn93Yq/GZayHZOia3W+nPQVrqOUyNYHaW1WF4vJWTOY6JrbNvouUvm0P18/Jj86p+kc/KffTfusJwtlcJc0hbltuWLYcyhfE1ry7MDvWH4rJQse1sbXZjxWIYg+uexzmBuUW0WFYTHXRPe6Qts62ioKBlFG5jXl1zfVV+Dx1sokdK5ultFQ0baKExNeXa3uuUXn/8AoCwzBo62n2rpXN61liVG2jqdk1xOnNRY3LSQCJsTSu+af3diZhjMUb0t8hY5/wCkfBd7MHvD/sqSnFLAyEOvl4rF/SE/zVNj0tPAyIQsOVUcxnpopSLZh42Th4MfHx1bM6npZJQNWhd8tT7Fi75ar2LFV45PVQOidG0ArD6ZtVVMicbArvZpvbvVHgkNLOJWyuJCrKNlXCYnOI14LE8Gho6baNkcTfj4GF0LK2cxucR1b6KanGCgTwnOXdXrKvxaWtY1j2NFjfTn5MfnVP0hYtiMlCIixgOa+9d8tV7Fih/9cvtupst2X4qgw6OhD8ry7N2rlP8AnU30lYVhcVbHK57yMp4LFsPZQyxtY8nM2+qoMWlomOYxjTc31WFV76yF73tAs62nNimMTUdQI2RtIy31UNIzGG9JlcWHybN+CoaNlHDs2uJF76rlB6QP0jmw3BYaumErpHArEKVtLVPiaSQFSY3PSwNibG0gLD6l1VSslcLE81TgMFRO+UyuBcqyAQVMkQNw0rCvR9P9PjZOHgx8fHYv6OqPpVDA2oqo4nHRxVfgdPTUskrZHktVBTtqaqOJxIBVLgtPSztlbI4kLEal9LSulaBcdq75Kv2bF3yVfs2Ktxierh2T2NAvw8ChrZKOUyMAJtbVV2LT1sbWPa0WN9PA5MfnVP0hcp/JpvmVhOHRVu1zuIy23Kgw2Khz5Hk5u3m5T/nU30lUGKTUTXhjWnMeKr6+Stexz2gZRbTmocWmooyxjGm5vqu+Sr9mxVtZJWTbR4ANraLk75ifrKxTF56Op2TGNIyg6qCiZi7Okyktdus34LEqVlJVGJhJFuKwD0ez5lY56Rl/ZYdgkFVSslc94JUuJTYY80kTWlrOJWH1DqmkjlcNTzVGA088z5TI+7lTwiCFkQOjR42Th4MfHxtbM6CllkbvaFHitRXvbSyhoZJobKbCoMOjNVE5xezdfcqnG6mphdE5rLFYL6Sg/fmq6VlVCYnkgHsWJ4NT0tK6VjnXvxWGUrKqqETybWO5d7dH7SRd7dH7SRYrhEFHTbRjnE5ra8+E0MdZO5jyQA2+i73KbMyz3Wv1gV3Gw32COG4ON7G/dU0WHUpcYS1t9+qqWYfVZdqWutu1VPHh9Nm2Ra2/xXSaf2rV0mn9q1VMeHVJaZS11t2qGG4Of0t+67j4b7FYxhraNzHR3yO/6rCMJgrYXve5ws62ixaijo6gRsJIy31WFYRT1lMZHucDmtoqKjjo4tmwki99Vyi9If6AuT3mH+srH/SL/pCwD0ez5lVWCU1VM6V733PYpsRmwyQ0kIaWM7d6qah9TM6V1rlUuN1VNC2JjWWC74631I1QzuqKWKV29w8dJw8GPj42eFs8T4nbnDVTYVT0ETqmIuzx6i6hxOoxCRtLMG5H77b1iOCUtNSSSsc+4WC+koP3WJVL6akfKy1x2rvjr+yP7Knr5sUlFLPbI71d+ipcGpqWYSsL7/FYpVy0lLtY7XvxXfHX9kf2VZi1TVxbOQNte+iwmjirKkxyXtlvosXwmno6dr4y65dbVUdbLRyF8drkW1WEV01bDI6S1w62ir6t2bZtPz8TQVbs4Y4rlL5vB9aosVqKNhZGG2JvqqWmZjDDPUXDgcvVVTVSYRJ0ensWkZutrvWE1ktXTGSS181tFyh9If6AuT3mH+srH/SL/pCwH0cz5lYljVXTVb4mBlh8FBh8GJRCqnLs79+XcsRp2U1XJEy9h28+E+jqf6fHScPBj4+NrpnQUksjN7Qp8brJ4nRPyWd8FhHpCD5rGvRs6wX0lB+6qaWOphdE+9j2Lvcoe2T7qlwalpZhKwvuOarpI6uLZyXtfgu9yh7ZPusWwmmpKYSRl181tVyc8/P9srlJ5mz+4sIooqydzJL2Db6KjoYaNrmx3sTfVTfmv+fgYdTxytdmbdYjBHEGZW28CH81nzVbQQ1jGtkvob6LF6KKjnayO9i2+qo8VqaOMsjy2JvqFWVktXLtJLXtbRUeLVVJFs48tr31Cq6uWrl2klr2toqTF6qki2ceW1+IVVVSVUplktf4KlxirpYhFHkt8QqmpkqZnSvtc9ipsZq6aERMyWHaFT4bBiUQqpi7O/fbcu9yh7ZPuu9yh7ZPupsVqaCR1NDlyR6C6oZnT0sUrt7hr42Th4MfHxuK+j6j6eaCd8ErZGbwqjGqyohdE/JY/BU1Q+nmbKy2YLDcZrKmsjiflsfgsTqJKWkfKy1wu+LEP8n2XfFiH+T7LCsXq6qrEcmW1uA5qykiq4tnJe176KrpY8IjFRTXzk5etqqzFaqsjDJctr30C5N+eSfRzTfmv+fMGUFvLcsmH+u5UIhDXbIlV4gOXakrJh/ruRZQ2Nnu5ovzWfPm5SeeR/RzYThVLV0xkkzXzW0Xe7Qf5/usWpIqSq2cd7ZQdVhOEUtXS7STNe/au92g/wA/3Xe7Q/5/usSpo6arfEy9hzU2M1lNC2JmWw+Cw2ofUUccr955sV9IVH1LCvR9P9PjZOHgx8fG4r6PqPp58PgZUVccb9xXe9Qf5/uqbB6SnlbKzNcfFVVPHUwmOTcVimEUlLSOkZmvft5qWqlpZdpHa9lhOK1VVVbOXLlykrF6qWkpRJHa+ayq8UqqqPZyZbXvuWD0cVXUuZJe2W6rYGYQxs1L5Tjl11WC1s1ZFK6W1w5Tfmv+fNBFC8HPJlXRqX3hUr6anB/FBuqo01Rb8YCyZhsbxdsuiqoGwPDQ6/NF+az583KTzyP6OakxWqpI9nFlte+5d8GIdrPsqqqlqpdpJa9rLk95h/rKxTFqulqzHHltYcF3wYh2s+ypaCDEoRUz3zu32WJU8dNWSRM3DmwX0bD+/NPgtHNK6R+a7vioYWwxNjb5LRp42Th4MfHxuK+j6j6efBvSMHPik8lNRvkZ5QVTi1ZUxGOQi3y56WqlpZNpHvtZUVTLis3R6k3ZbNppuXe/h/Y77qup2YTGJ6XR5OXXVUUz8WkMNVq1ozC2ipaKGka5sV7Eqb81/wA0yN8hs0XTcNnPYjhs47E6lnbvYg0lwbZRMEUQHYFUybSZzuaL81nzWNVk9JDE6I73KhgZi0bpqrVzTYW0WMUkNJUtZFe2S6wjC6WqpTJKDfPZd7+H9jvuu9/D+x33VZVzYXN0emNmWvr8VR0UOJw9IqL592nwXe/h/Y77qmp46eIRs8kLG/SU37LDcHo6ijjleDc/FVOIVNBM6mgI2bN113fxD1m/ZUEz5qOKR+8jx0nDwY+PjZoWTRujf5J3ruBh/qH7rEcHooKOWRjTmHxUEz4JWyM8oLu7iPtB9l3exH2g+ypK2oxGdtNUOvG7esVwmjpqN0kbTmuOKwqmiqatscg6tiu4GH+ofuu4GH+ofuqbC6Slk2kYN7W5uUnmbP7ipaualeXxGxIssErJ6uGV0puQ5PbmncO1yfO2kbs4x1uJRrak/rTMQqG8bqHEo3aPFls4XEPDR81Use+ItZvUlLNHvbzRfms+a5TebwfWqXEqqlYWxOsCVVVc1U/PKbm1lyc8xd/cKxjE6ulq9nE6wygru9iPtB9lU1MtTJtJDquT/o8fUebFMVrKeskjjeMo+Co6CnxCBtTOLyO3qrr6mgnfTQOtGzcqTD6evgbUzi8j967gYf6h+6hhZBE2Nu4bvHScPBj4+Nr5XxUc0jN4boqDF66arhY+Tqk66LGPR0/yWGwxz1kUbxdpWKYTRU9FJIxnWHx5oJ5IJBJGbOCoqyfEJ209S7NGeCrqOHDYOkUwyyXtdd3MR9r/ALLu5iPtf9lg2JVdTV5JX3GQrGaqampQ+I2OeyqcSq6pgZK+4vdYLSQ1VQ9kouMqpaSCla5sQsCdUw2rP9arGls7r8eelo3TG50apZY6eP8A6BQ4mw6SCyY9jxoQVJRwP3tXcsNeHNdxXKXzeD6+bBsNpKqmc+Vtznsq+olwyfYUpysy5u3VVNTNUyZ5Tc2ssHwykqaTPKy5zFYvTRU1WY4xYZQqfE6ynj2cb7NXdzEfa/7KioqfEKdtRUNvI7eVBDHBEI4xZoVRhNFPK6R7LuPxVXX1NDO+ngfljZuCw2aSejikebuI8fJw8GPj43FfR9R9KilfFI17DZw3KbFa6aN0b5btKhmkhkEjDZwVFXVNdUMp6h+aN28LFMKooKKSSOOzhbisKgjnrY45Bdpuq+jgw+nNRTNyyDiqjE6yojySyXbz8nfP/wDQVU0sFTHklbcXusaw6kpaZr4mWOdcm/PJPo5pfzX/AFKKaCoYGTb+1dzIzukTKCnj1cb/ADU1dDELM1KllfK67jzMkew9V1lDijhpIFDUwyeS5cpvN4Pr5uTfmb/7iqcNpKh+eVlza29YzTQ01XkibYZAqfEqymZkiksFUVEtRJnldd3NhOF0dRRtfJHd1zxVbWVFBUPp6d+WNu4LCp5Z6KOSR13G6xTFK2Ctljjks0KaaSaQyPN3FQ4rXQxtjZLZoWHzPlo4XvN3EeOk4eDHx8bivo+o+nmw6Jk1ZEx4u0nVdw8N9j/uq6hpqGmfUU7MsjdxU2KVs8Zjklu0qCeSCQSRmzgqGrnr6lsFS/NGd4XcXDfY/wC6xnDaOmpM8UdjmCwamhqazJK27cpUGHUlNJnijsbWWM1M1NSh8TrHPZYbNJic5hq3Z2Bt7fFU+H0tK8uiZY25qlhZM8fHmEjx+ooved7j4VK1zpmW7VVUkFUA2Vt7LG6WCmqGNibYZFT4hV0zMkUlhdYJUzVNKXyuuc9lyi8//wBAWDYbR1NJnljucxWMU8VPWFkTbNyjmgxOsgjyRy2aqCip6+nbUVDc0h3lQwxwRiOMWaFjXpKf9ubDsLoZqKJ74ruIUUTIY2sYLNG7x0nDwY+PjZIWSscx4u07wsRwqhho5nsis4DRRSvhkD2GzhuXdnEfb/7KhrKitqWQVD80bt4WK4ZRQUUkkcVnCywqCOetjjkF2m6xCkgoKcz0zMjxuKwjEayetaySW7bFVFNFUMyStu1YlTQ4dBtqVuR+a113ZxH2/wDssNnlxGo2NU7OzLe3xUGH0lM/NFHY2WN1M1NTxuidYl6wKtlqWS7WS7gdPkqujbMPinYbUg7l3OqvUXc6q9Rdzqr1F3OqvUXc6q9Rdzqr1EMNqeIsqWjbD81jlbLTRxbKSzidfkqiqmqXB0rrkDm5OeYu/uFcovP/APQFBiFXTsyRSWCw6mgxCn29U3O+9rrF4IqescyNtm2HNDiVZBGGRy2aF3ZxH2/+ymmkmkL5DdxWF4XRT0UUkkV3FRRRwxiOMWaFiGKV0VZMxktmg6LDpHy0cL3m7i3XxsnDwY+PjpYmTMcx4u0ruPh3sAsUwyihoZXsis4KKWSF4ew2cOKmxGsmYWSSktKhmkheHxus4cVh9VPXVLYKh+eM7wsSpYKCmM1MzI++9d18Q9uVhs8tfUbGqdnZlJsu4+G+wCgoKSnfnijsbW5uUvmkX1rk151L9CxiulooonRgdZ1tV3x13qx/Zd8dd6sf2XfHXerH9lg+JT1u22gb1bbubGMSnoXQiMN6wN7rvjrvVj+y74671Y/su+Ot9WP7LCoIsRbNNUtzuzrHKaCnqGNiZYZObk55i7+4Vyi8/wD9AWC4fSVFJnliuc5WJVE1BU7GmdkZa9lh1NBXUwnqWZ5L2usWhjgrXsjbZthpz4XhtFNQxSSRXcVFFHDGGRizRzS4ZQyvc98N3FRxsiYGMFmjd42Th4MfHxuIPdHRTvabODdF3WxD3hyw3EayWthY+YlpO5Yz6Nn/AGWFRRzV0THtu08F3Iw73cLuRh3u4WJUsFFSump2ZHjiFhtRNW1IhqH52W3FdyMO93ChoKSB+eKINPbz45PNBSsdE8tOdT1tVO0NllLguTXnUv0KppoKgASszWXcjDvdwsfoqamjgMUYbcm/NyY8qp+Q5uU/5lN9J5sBoqapinMsYdZwssepYKeaIRMygtXJrzab61UUVLO7NLEHFY5Tw09U1sTMoyLk55i7+4Vyi8//ANAUNdVQMyRyloWGU8NdTbapbnfe1yoYYoGZI22HYpsPo5nl8kQLli0McNdIyNtmi2nNFiFZEwMZMQ0cF3WxD3hywuR8tDC95u48ViOI1sdbMxkxABWHSPkooXONyW6nxsnDwY+PjZWMkYWOFweC7k4f7u1V9HTUtJJNDGGPbucFQVVRVVccM8hex29pUeH0cTw9kLQ4cVi0j4aCR7HWdpqu6lf7w9YbUTVlW2GoeXsP6SsTp4KOlM1MwMffeF3Ur/eHrA62qmrcskpcMh5sdnlhpGujeWnOpqyqnblklLhzQ1E0BJieWkrAaupnmmEspdZvHmqKaCosJWB1tyx+kp6dsGyjDbk3XJjyqn5BY/VT05g2Uhbe91g4GICY1X4mW2W67k4f7u1QU0FOCImBt1PRU1QQZYw4hQU0NOCImBoKx2sqYKljY5S0ZFhMUddA6SqbtHB1rlYtLJQ1OypnbNmW9h2qaeWZ2aR5ceaKtqoWZY5nNHYsFnklog+R2Z1ysYrquGueyOZwbYaLDaWCspGTVDA953uK7k4f7u1YrEyKulYxtmjhzYP6Og+Skw2ikeXvhaSeKjjbGwNaLNHjZOHgx8fG4i50dFO5psQ3QrulX+8v+6oKqoqKuKKaVz2OOrSsSpaelo5JoImse3c4LulX+8v+6krquVhY+ZxHYsIijlro2PaC3XRYpTQUlI6WnjEb7+UFLW1UrcskznDsPNyd9If6Cscmliow6N5ac43KWsqpm5ZJnOHYVgUEU1W5sjA4ZOKx6jpoKaMxRNac/BYBTwz1EglYHDJxWMsbQxROpRsi51iWrk/VVE00+1lc6zRvWPzzQRwbJ5bdxvZYMenOmFV+KGgWzcFjQ6Dsei/hZr3yrBf8dtulfi5bWzcFjX+BdCKX8LMDmy8VyfqZ5o6gyyF1nC1/Amo6Wd2aWFrj8VjEj6KpEdM7Zty3s1YPDFW0xkqWCR+a13LuXh/uzF3Nw/3Zi7mYf7sxRxRRNyxsDW9ikoaSV2eSBrj2lYnUT0tY+KCQsYNzQu6Vf7y/7rDqanqqOOWeIPed7isUjZHXTNY2wHBMrqyNoaydwA4LulX+8v8AusNe59FA5xuS3U+Nk4eDHx8bivo+o+nmwj0hB81JGyVpa9oI7F3MoPdmfZdzKD3Zn2WKU0FLSPlgjDHjc4b1JWVUrcr5nOHYeeKaWJ2aN5ae0KWrqZm5ZJnOHYVgUMU1YWyMDhkO9YzFHRU7X0zRE4utdqwZ762ocypO1aG3s5Y0xlFDG+mGycXWJasFca2aRtUdqA24DlFS00BJiia2/YpqaCYASxh1t11jYFCITS/hZr3y8Vgn+OM3SvxctrZuChpqeC+yja2++ympaee21ia6266hp4IL7KMNvvt4PKPz1n9tcnPMXf3DzY5V1MNbljmc0ZBuWByyS0WaR5ccx1Kxqsqoq5zY5nNFhoFgssktC1z3FxudSsc9JS/ssHoaSWgie+Bjjrqo444mhrGho7FjPpGfnwr0fT/T42Th4MfHxuK+j6j6VhrGvrYGuFwXbliNLT09HLLDE1jxucN6wqtq5K6Fr53kdl1i73x0ErmOIOmoXdGu95k+6wyeaprGRTyOkYb3a7csZo6WKhc5kLGm41A58DiilrcsjA4ZDvXc6g92j+yjpKWF2aOFrT8AuUnmbP7i5N+dyfQuUvm0P1rkz5xP9HNyhnmhjp9nIW3cdylqZ5rbSVzrbrqKonhvs5HNv2Lk9PNNt9rI51rb+blDUzwywbOVzbtO5d0a73mT7rk9PNNDOZJC6zuKx+qqIaiMRyuaMnBd0a73mT7qWaWY3keXH4rk55i7+4eaSjpZXZpIWOPaQo4ooW5Y2Bo7ApaOkldmfCxx7SFik81LWPigkMbB+lugUkj5HZnuLj2lYH6Ni/fmfQ0cji58DCe2y7nUHu0f2WJMaytna0WAduWFej6f6fGycPBj4+NxX0fUfSsK9IU/1LGfR0/yWDekYE+Nkjcr2gt7Cu59D7tH9lisENNRvkhjax4t1m6FYVNLU1jI5nl7Dfqu1C6BQ+7R/Zdz6H3aP7LGYo6Wk2kDBG7MBdui6fW+8SfdYDU1EtaQ+VzhkO8rlJ5mz+4o5pYjeN5afgpKieUWklc75lcmfOJ/o5uU/wCVTfUebk9BDKajaRtda29RQQRX2cbW37OblP8AnU30nm5NfkVH1hcpfOovoWAUtPNTSGSJrjn4hdAofdo/ssZkfS1YjgcY25AbN0WAyySURc95cc5382OVVRFXFrJXNGUbiun1vvEn3T5HyOzPcSe08zKupjblZM8DsBWESPfQROe4k66lYrV1TK+ZrZngdl1hL3voIXOdc2TqSkeczoGEnjZMY1jQ1osBw8bJw8GPj41zWuBDhcJtJSsN2wsB7bJzGPblcLhNpaZjszYWA/LnfGyRuV7QR2FMpaeM5mxMB+AWNyPZQEscWnMNywOonkrgHyuIyneVJFHILPaHD4rHqaCKiBZE1pzjcEySSM3Y4tPwT6ieQWfI5w+J5+TPnE/0LlFNLHDBkeW9Y7lgP+KknE/4lmi2bVcooIYm0+zja3U7lHNLFfI9zfkum1ft5PuuTk0sjajO8u1G9cp/zqb6SuTsEEsU+0ja7rDeo4oo77Ngb8lyl86i+hRzzxizJHN+RXJ+SSSkeXvLjn4p9NTynM+Jrj8Qo444xZjQ0fBY7UTx11mSuAyDcU+R8hu9xJ+KwSmp5KEOfE0nMd4XQqP3dn2XQaP3dn2WMMYzEJWtaANNEypqGNytleB2XTnue7M4kntTaqoY3K2Z4HZdYW9zqCAuNyRv8dJw8GPj43EyW0E5Bscq6VU+2f8AddKqfbP+66VU+2f910qp9s/7rpVT7Z/3XSqn2z/usEnmfXxh0riLHinRseLOaCPisbjZBR54mhjsw1boulVPtn/dYG909ZklcXtyHR2q6HS+wZ9lygghjpGFkbR1+AXJ6OOSqeHtB6nFcooIY6eHJG1vX4BcmfOJ/oUkUcls7A75pkMMd8kbW/JPhik8tgd81yjhij6PkYG793NyY8mp+YUkMMnlxtd81HFHHfIwN+S5RTSsnhyPcOpwKfJI/wAtxPz5mTTMFmSOHyK5Pve+icXOJOc71j88zK6zZHAZBuKe97zdziT8ebk/6PH1FY3PMyveGyuAsOKwRzn0EZcSTqsb9JTftzYPTQPw+EuiaT8l0Ol9gz7JrWtFmiw8dJw8GPj43FfR9R9KwsA18AIuMy6PTexZ9l0Wm9iz7LotN7Fn2XRab2LPssbghZh8hbG0HTgsC9Ix/IrHXubQuLXEHME6WVws6RxHxKwFjX11nAHqHesdayKjDomhhzjUaLk/LK+uIc9x6h3lOYx4s5oPzTYYmatY0fILlJ5rD9aa97PJcR8l0io9s/7rpFR7Z/3XJuSR76jM8nQb1yn/AOW/fm5MeTU/Mc3KSSRk0GV5HUO5Oe9/lOJ+a5PRRPppszGnr8QuULGMqow1oHU4c3JzzF39wp0ML9XRtPzCx9jGV1mtAGQbubk/6PH1FGCF5u6Np/ZNa1os0ABY36Sm/bmwb0bD+6xWaZtfOBI4C/asKJdQQEm+njpOHgx8fG4r6PqPpWFekKf6li5Iw+cg8Ft5vav+6283tX/dYNLKcRhBe47+Kx30dJ+ywL0jH8inNa4WIBWwg9kz7JsUTTdrGj5Bco/MR9YTXOb5JIXJ6SR1Y7M8nqdq5Quc2lisSOuuT5MtTKJOv1P1arlHGxsEGVgHXO4c/Jj8yp+kLlP/AMt+/NyY8mp+YXKR72y0+VxHVK5OgSxTmTr2cPK1XKNjGzw5WgdTguTPm031rlJ55H9C5PRxuo35mNPX4hY8TFWgRnKMg0Gi283tX/dOc5xu4k8wlkaLB7h+6283tX/dbeb2r/uiS43JusFiidh8RLGnfwQaGiwFli/pCf5rCPR9P9PjpOHgx8fG4r6PqPpWFekKf6ljPo6f5c+Cekof3WO+jpP2WBekY/kfAcGu0IBWyg9mz7IMjHktaPkE5rXbwCuUQEdPDkGXr8NFyd/Enmz9bqcdUYofZs+y2UHs2fZco/w20+Tq6ndouTn4hqM/W3b9Vs4fZs+y5Rfhvp9n1dDu0Rc529xK5Mn8Go+sLlL5xB9CD3t3OIRc528krk55m/8AuLlF5+P7YXJ6NjqE3YD1zwWPtDa/QW6gWARsdQasB654LZQezZ9lsoPZs+yxoAYhLYdiwVkRw+K7G8eCAaBYW5nRxE+Q37LE3vbXThriBm4LCyTQU9/V8bJw8GPj43FfR9R9Kwr0hT/UsY9HT/JWPYrHsWCA90of3WO+jpP2WBekY/kfA5QlwoRb1ws8vrOXJ57umOzOPkK47Udm7fYoNj/SB+y5Slwhp7X8ork0XmWouT5IXKfyab5lcmPKqfkFykLwaexPFHOd9zzNLx5JK5OjNBPnF+vxXKNrRUxWFuorFZnt4kLrO7SuT2lCb+uVkjd+kFAAbgsde8Yg6zjuCzy+s5HMd91neNMxCzy+s5YM7/0+G5WKuk6fPZzt6wsRmhgzBt7cULcPGycPBj4+NxX0fUfSsK8/p/qRdH2tX4H+Rfgf5ENj/kWOOacOk1HBYF6Rj+R8B2X9VlygDOhNyAeWNyAeNwK/G/zK8g4uXJx/482Z36F1HdhQa0bgFyn8mm+ZXJjyqn5BHJ+q37r8D/IuUYG1p8g/Sdy5NsGxqMzf1BdRvYFyj61TFbXqLk8GdFlzgeXxXKBv+MZkGmTguT4Z0J2cDyzvWPX6b1N2QblyfzdB19c82PAnEHafpCwJg6Ay7eJVoexixq3dGa3wWDbLufDfLxWLZ+nzZb2+CwlregQlw1ssT2nT57XtmWF36BT/AE+Nk4eDHx8bimtBUfSsknquWWXscssvY5ZZexyyy9jlll7HLA2uGIR3adx8DlDm6ELX8sLk+1/TjmB/LO9ZW9gWVvYFyjZ/h4crf1rJJ6rlybD9tPe/kDm5SgltNYcSuTLXA1Nx2LlIHXpst+Kyy9jlycB2VRmH6hvVguUgft4LX8hcnW/4abMP18Vyha7pbMoPkcFyeb/hH5h+visfDumjKDbIFgDf8Ccw1znfz2HZzY2JO6Mtg7gsknquWWXscsIb/wCnw3GuvNlHZ46Th4MfHx1grBWCsFYKw8VYeFYeOsFYfwMnDwY+P9BycPBj4/0HJw8GPj/QcnDwY+P9BycPBj4/0HJw8GP+g5PCDwswWYLMFmCzBZgswWYLMFmCzBZgswWYLMFmCzBZgswWYLMFmCzBZgswWYLMFmCzBZgswWYLMFmCzBZgswWYLMFmCzBZgswWYLMFmCzBZgswWYLMFmCzBZgswWYLMFmCzBZgswWYLMFmCLx//QpYqx/hbFWP8vDfBLP4EN8Es/lgFvDc3x4Hhub/ACpo5qnEDfLF906R7t7iUHvbucQqfEXtNpNR2oEEXHO8eNYL809ZFAQHXJ7Au60HqPXdaD1HrutB6j13Wg9R6p62Kc2bcHsPM8W/lLdyxGTJDYcdE22YX3XVZJTvy7JtlSPgY87UX0TozI9xjZ1VQPyMyPcPhrzu3eNbu5sS86d8lQUkUzXOf27lUxCKZzAdOfDvOm/I8zt38qxNhMQPYedjWsZtH6+qEdtKCdSAgC42G9R1E9O+xv8AIqN7ZWBw/gMS86d8kyWSPyHEIkk3Kp8ODqcuf5R3J7HMcWu3hYb5035fywtBBBVXT7B+/Q7uao3sH+QKOokjY5rdxTHuY4OG8KWV0r8zt6ws/hO+f8BiXnTvksOpQ68jxccEzD7VRv8AljXmxGmzt2rRqN6w3zpv8rbu5n00b5A92qdDCd8YVdSZmhzBu4c7GOe4NaNVTQ7GINTzp41h05sTY4T5raEKPEnxxtYI26Bd15PZtXdeX2bV3Wk9k1Yc1zqnPbTmedP5SDbwZaSCTe1dzaf4ptEyKUPYbfDmJufGg2PMQDvC2MfqN+y2MXqNWxi9RqMUXqNQAG4cxP8AKmut4ZPjw7wyf5ZdB6zBZgs6v/A3ss6zBZgs6v8A1fnbe2YXVxe3HxNxa91ccxIG8oOBFwUCCLjxBIG8oEHcfEXCJA3q4uR2fyazWsyyM/1Kztt1T+jeg9+Q7rg2umSHMW5g7S90JHiPO63yTZTnaM4dfsUji0C28myBe14Dje6zy5C+40XlN+YXlRsj+P8A0QOcwj9ytudXZh9K0fLruDbrIAS4dm5MMjYmOuLdie9wd5bWpznPbE69tfClaczXWuBwTcl3Fuht5O5CU5m9dpvwW0Ia/tBsnyEOy5gNNSon52/uhm27utwWaQtLxa3YmnM0FSdZzj6m75qQ5mMP+YIZ9rJlNtyEjup8yCnSODn/AAbdZpQGG41TXPEmVxvpf+QlZJsuW4t2pseV9+GWyMTrHd5V0GSZ8zreTZbL8IMumiS+uX9k9uYfEbkGvLg51tN1lszsnN7boaAJsdpHOTI8r3u7dyEb26Ny2TmOzBzd6DHXJceC2Z2IYsjw9xbbVbJ2zaNLg+E5r7gtP7LZOdmLiLkW0WSTqXy9Uox3kDvunMdnzNt8bpt7a2WV21zC1rarZyAFoIyoDK0AJsLbdYAlbI5bf5rhZZA9zm21WycGtsesDdbN5zkkatsiw5WDsssp2gd8P/8ASFqtVqtVqtVqtVqtVqtVqtVqtVqtVqtVqtVqtVqtVqtVqtVqtVqtVqtVqtVqtVqtVqtVqtVqtVqtVqtVqtVqtVqtVqtVqtVqtVqtVqtVqtVqtf8A2zc4NFydF0su/Khc747l0vL+bE5nx4IEEXH82nNoZPpK2svru+62svru+6pSTBGT2eMncJJiHflxi7lJVSvO/KOACiqnt0eczOIKpzs5TFfqkZmeMJA1KnxBo0i1PaqN731YLjfQ/wAoqPyJfpPPSebx/Lxj2kvrGcXAEftzb1GP8VE31ItfGVVO6ZujrW4KSKSM2eLKg85HyP8AKHNDmlp4hdzYfWcu5sPrOUbAxgaOHjJ4S6z2Gz27lI2An8Vro3f7KIRD8hjnu7TuCgh2YJJu93lHxr2NeLOFwoqIRT52u07P/e3/xAAvEAACAQIFAwQBBQEBAAMAAAABEQAhMRBBUWFxIJGhMIHw8bFAUGDB0eFwgJCg/9oACAEBAAE/If8AxRQTMKRvGimgIDJcRGRbSJfQVDMoEbFZxvLDCbKuAsKwoZzMbuipXIbRVmsIctAZMDmOYeyMz4qCm04CEK6kBBqoNl/uAA5j9izUgpNidcSIAAXJhg4tvCQBJKAzhiai5o7p7tsiky/EJRE1QLknKPywAiSwL0wKyRqBgBVYpBOnokJgKmkAuBDuQUlMgBQ/7yjlAEZJgPRKBtnBEAAFMe+ChBhOIAfOUQmwOHPn9JbEQCyPaAoaiaCCcsH7ZAnWFUKwcGOQGklDAOgtP60AyYarAGwqaMWK3EApC9YymWSz8KCAG1JQf7WFgMMyL+Ri+Y1mkLKF7ZROdWHJkd9YQJwTCUUdMo9O/wDmZnvb9AO+YIMQO5FVLZisHe4zQwg3NOj3lEkEs5kneD4Lga9MLXSKEZiEKoJrRfKhSzgSSeZUlVzkKVkwbhsZgeQHYMDgZEmkqymdJHUzX7AV3oEZIYUD1iSl4AbUyvEEhBCRfSEgwAzFaRCi5Syi+Img4wGKPsdNxKkFJHgqaSqWxSCUxqYC4Izi8uJCCDq5SAf/AGEkAEkoCDg3drt/BiQASSgITEJv+ETLEodARLNIGdBgx6x5lUYvuoIEMoBmMpC90E4IVAPLWiU5DgjUJIkk1R8d4ejhvgAYWKSHrT2gMZbETX8ouoNiSxEK0YowFWFD0KaoeO8MRw3iiOGhEIc40hgGCKP7Zkh4f6MWfcfmHT8ptDwJnLv2gmeyBNIcE/0FCBs3/NmAbWmY5dXLvSnReD9BtRQYon7I1p6rZ1OEnEzENzbFuiEEJtJWVfMzFCFwEtIg6m6RCedc0coP0C1FBDJ+6FNlQq4q8oUG4G1AoftuQgR+DPsTIDoEYH9eqhJcz3xYFFAlUg3KBQtKXh65Nf2RgB0azpCh3NZjSG4HCmJnGoH8GLLRE94US/3aIBdOecHJSK3g/Eaiwcw4k2lo6CCIfkSm4hbplUxmXEzjUD+DFhoie8otlF7IxsKGmIHWH+IJGf7ceVyCo67QYpqTgEB/87QZiFpsCbAmwJsCbAmwJsCbAmwJsCbAmwJsCbAmwJsCbAmwJsCbAmwJsCbAmwJsCbAmwJsCbAmwJsCbAmwJsCbAmwJsCbAmwJsCbAmwJsCbAmwJsCbAmwJsCbAmwJsCbAmwJsCbAmwJsCbAmwJsCbAmwJsCIwEekBZ/gYgOlZ/A1nSsxEgBmGoYTIwjOFsqUVZ5wkWIYBrytOojzHAkxRsgtJEBVUfC8GsbC/crOlZiSdUggUJyREKhlrASNVxAoEK4SnQKUH5DCuEKUpLkfaDe7SqCoaqVB0g7RY6IMES0FTNS4YbYt2P6G/vIMmf2GzpWYiJQ+VMmGGBcbyg7aFYDNOfxAkIyAvA9PYEDYIYFCxvHCqTO/iWamYBfaNF5EAACgvSFCyV+/QTlAoTJvVWqENr8AXmVxUDYWOCwITlnDUZF9oNVW2piY1uM4ucQOQj3Wmzh6G8zA55sDRyyK4Ye0BEEJNwsNm1RAsQKEW/W2dKzFkpPZwkYlM5R5VWVVkRcaSrBoSvI2EIMCWt1FbmILA1AsoYBZDUQAECDDxCq1iBLIvoNO1XaJyn9cvMFcR/Mcd4YIZEJ0BCFlCVOGlUoCwh41yQQYhAQyzlUyoCpCVjZFnCBxGZSdJlUMA7wEUVYgnU4GwJQ0iLd0IapBB/rbOlZiUAADDYmDR6wlY3D94tKNbIjQyj7sGaphFAe1CwnGFIply64hT8ASKNGIlhUttJUQTcTBVHWB5mnoN3bNyC48atVCBtkG4i8OCGQrCLxDoinsYqJ/rmspe2rNgiFnVRnA3rMPW5QuzOVJYFGhrBrlTyAhhPX/dYUXPgHbMwTBJKwM6RaU30NDEvfUo4zccz6xPj9bZ0rMRAQKp+Uq5vasHrGW0CEpkJDJwggEKzEMsA8Q5sLPcLIHRACBNz3xa1FCpUiViAHzETnvBGohzjsSIu46QYCx7aaMv8AZhIwVr1WdKzEVVmg5aHSC2gfRlGMuBiNBwfaFQJUVqhEqmkcJSStc5sXmXbgHwjDci4hoyg2gEI8ar9IAklvRspj9sIBCMBQNS8dNnSsxODll1kY7AfD3mspCXrL+5gmwWy4dIF7AjyscAJ9rM1nkAwSntDBO2wswBTUqhrKgSHk7Rm7gownr/7B0CKoqWjpDwoq7masMMwO8LhtqIO8OqAhArcyqEZQh0QAC5hcgJRFw6ReYGsWCERWwnCDW0DEv4o9Fog+hRNDtBRRhgALRFLCOSj8h0heURUugZlDEeKqsxOAOMqoEoFAqamoFJVFb7/EUcbGYsdFCqpPeByyvG6kvAP2BKJuv9kJWybxCAtBogIOfTQRmUQCeizpWYrlP+DHCjylhw0ZoWajlluErXinQwleNRJyJjqmcCuEgkLloDlANc3hEe07QoZR9ioTaDOG8LZncYkoEmI5NtCmU/KagGH5tpWGW0f2lN+nIiFMyqNjmZAfghvBIIDs94QLFkKUMoIctV9WsQDbTQV0Qqc+R7wgVmSMApaD5cEGgvVa4BA+K1TKBtEgbBQgxB0+JaQKVrN2NttIBHI5ZcR6IBtgXy35Gc87UAWdDekAhRW3v4T8mVzGov7vdghATTcsQaiDebvD2l6il8V6Bk2ERnl02dKzF8bYwEE0CUSos9wQmdXmWqnAuM9U2hASGA4FynMASkKG8KbM4SCkQFXKgus7kwvO55wqFVWVziRAobwaAgLQmsVZzLSsVuEGgICwgMAJAgtSrDOAkAcCGYxBhgCCLGI1OaCI5AtCADDvKNanBKZItEsKuEvoZiLrfOWJMs8w8ACRABQXIWELBYMNkhmZQyGICFiEYQCIU3i3gZzaztCQ4w7wYYIH2GElVZtOIE9oXFclPaVNoQAgjYaRYQEympcptB9kAACHoWdKzEPzaGWDxDABuaCAOsiqj3iEYA/FBbfA0hLcwWCS4+89o5Kgtm9460XQ+CLSAlZUoiXPNoGoAECK4re/7lZ0rMXzWhm4a4M7kKSqEUS3JgxiYusLwCSzEKp7gh1PaCSw80hOTaaw+IkZE+BBkYagFhEAgUJRmDgXot/MGAiHkGx0e6bDSBixzgoqS8GuhKGqcz3cRLA6wogQg10JRWBQ0ZbGMFo7soXIKCM1FFGPRWdzFkqKCO0AwNNYCDWZCsLEGCIRpFqAADGTjhtgFBEOGnBdG8BCf5NYTKAABj0WNi5wEzXKUAbod4MSSkB3lX5OHWPdhg2IQ13/AENnSsxEEomgxmQUBoIUZVnpK8vUDRwCEacDy35w4iCUA5hw1FACAFKzKQV98zqJhr6pk7CCvZyMzxty7QEiqFk4CxjlFOkf3KbWcD3lZ67ayI1F/d7p8feFBIf/ABALgakaC3u90EXB3y2dohagqoLsnnAolNVMiCDQXqtYQNm+Qj01R3iCkyNCefAwtFKml4ytZCq9Ua2eCyOALjAIiA2EAEJZRIFoDgFDbF7YVrDEduEl/wBR1IOPeNCC4nChcQwAHZPkNT+hs6VmI8pGVzwqaEokNhhslLE3KKHAIBkqW8NmaM8aZUhBNIVjvKGEzkcuO/RqLWiV6HyjpIecrkmtAEbRB2hsgbMQkCwCe0rkmtAFeobREg3bxqtn3RQQOssiZZ5gEBUCJgAQgMxq4LobQgCMAsZbgyzzHAETHMqvCDQYixyMCckryZtHum0e6bR7ptnum0e6bR7o7T9DZ0rOgSmoPIabw8Amu8NmtY5wB1xjdQrCQOYAAUBjKt30ldiORYEVjL9ys6Vn8DWdKz+BrOlZ/A1nSs/gazpWdBHWI6xHWI6xHWI6xHWI6xHWI6xHWI6xHWI6xHWI6xHWI6xHWI6xHWI6xHWI6xHWI6xHWI6xHWI6xHWI6xHWI6xHWI6xHWI6xHWI6xHWI6xHWI6xHWI6xHWI6xHWI6xHWI6xHWI6xHWI6xHWI6xHWI69FnSs/gazpWfwNZ0rP4Gs6Vn8DWdKzEtRGrBbwBrJCx1HREAKwBIHI0JgIkQ2WREBTxSpCCKIOR6SZDQd+lREAT64vBDOQ1MEmTuJR2aE5hxtVHUHRd9wxBQWRXt1lAUMc3+isnjFnSsxDYjrYiOHCadQ480xwdyBgggiRRfOCPijWoWMDJ3QUqIB6MpRb/EVwHwEeiksreCwdwQ1yt7pX83V24hafHrwBR1vKi0TmGGSWQQoDEmQsFnKP6hL3ZpeKJNRBDtyLiF6rzlEVkf7zwf4MIRZDCohR4FBVcGAmWmrbxBhAHKGND/3yGRCxKAL4EcCV/N1duISdYj8Tfp2oRz59IsK2BvCAUMmQYlcxqAuyjQMhBciVEaooRv6iHDwwQFBKDaQVyl6WbjnChFq+8pwg4aAHjzQlfzdXbiGME9iMp4rGvKi0Tmx5eZgCEdohyEYOwKavGAU2SoSojzvKSCDa8bW4DUzPFKaY2dKzEtBQiDYiUvpMasTw+8bStNWeQ4iz4Fk6qGsUaG8XsMhnLJRCMFHAqNxDVYPeKFQjQvSsC4IcqhokAKtiIoSyEgPQjNHM0SOoBFnWBoACRsRG1mpahAIINjCi7EqHZaBmBIFLiOJcAgczDETAKbTuvEhDNQdcmDAmPAcxByBUS7AwGYy1swQm0BbaGOZ6eTAaMyt1YD0IzQBEs3J1MrjM8nC+m5DeUp2gh00h6GXgG7ZQh8fJhZgyN8PMhUPaXdt6BixSouwwpwShnLmHcQPU5TOA9CM0U30CLOLjCA12hIaAIuxEbWalqFsoMA/ERZuHM89yGgAQGu0KCAEjYiPf1IMbOlZ+pKCI1iogOigLZjnEdTBvKV2JORzCEgX6ToiAuYCCARY+qAIDYiUwR6NnSs/TDGT5WHeUjQ03SOyGc1+BAywCiQUSgt98AtO2VgpHlJmKR0hTgR5OVCHoVO+FQtwyPaAFjFuStMuNiEe2Oa945MblVaoYJe3Su4kC4SDSHUwYDCJHByUh2hLG8Z5cj8w00/kZQ0ISxVgj9NZ0rP0wrFXvUxyYuGLi/WQSvBNOw5w4LhkaAwtwonGDRCVo4MSyCZw2MD7VUFeyhLAyxm1ldp3mYBc/wDE+LvL0kBS5BkVGAPxFXLJAC3M8wfAYd0PJBRRlBs1Ozt+ms6Vn6YgB5QHggEBBCEKe8UTAAaKNsy+AOIDLKjRA4gZAHEWh1AYHvuUHi4pKvxAl4fBxSE7AWmUNtbMo99gEaIDLKjRA4lQhVvSKBOjKU/hP01nSs/gazpWfwNZ0rP4Gs6Vn8DWdKz1QgCXCp9EJ9EJ9EJ9EJ9EJ9EIIUVw0hYUEBqrAAO4+zANLr9yfRCfRCfRCBoS5BwkIR9EISEAJ5dVHkDhASYYxHhStJ9EJ9EJWwrUpiXSELKVn0Qn0Qn0Qn0Qn0Qn0Qg4yHA7+rZ0rPVAudCIAIAm3SIiJLBVBhg+KAn2QFCo1kVYZbZB1cWspBUuD7kFjmEECqUg6OIUC4BAOEWesOGAkho18oXv6uGIjT9vmoMlzgimAj7UTxELQ4fsSiOPuS9InRg+6CJIIK6mGAWDqHpEREiAJESLTxXq2dKz1Xn8IOHAqBefPE+eJmnZKnm/lhg9DABbp7MYkWU4N2NPPYBd6wwY1R2fxh05gOET54J5QCR/iHvhJudyh5cw+WDj9ijLM4F7wAul6D9OAEzhgS4DaKZMJB8aM27oOTHm/lLz2SFPnifPEOHsAcI8f6tnSs9V5/phvlbTzfywwbGoW2g6Md/H34n34hQgBYhBHwkkffiHh1Ko8ssIOA7zQA2QQNmqOzKH0iWF75/rukyB18ox1+xGtqIbSEyQVVO7KfWmFldZBd5VFBAyiwUTlYEZxHI6bIpjoRheCCLG+GPN/KfK26Wjx/q2dKz1Xn+mG+VtPN/LDBkKgCUvHzPXiPuUBRRUA9JtVqAJKXza5uWZRDOxRpG87Y1mbq2aYliexRrFtfNFlD9KyKlqCYnATCgIhshUYFsiIQco1rZYhQY4RrbHHm/lPlbdLR4/1bOlZ6rz+EBvmF2U+xz7HBL16Cznm/lhg2HIgWa2gmILdoZlOxa0CT1GVtPscffqQSXw4iHLVagCnzWk+U1wPj2bFJTN27ltzj2xVp9LiuzCpbeHlfzPh7YNzVYJCZgFIl2jspWCTlTTQ7UF+kC5TEGLthjzfygJatRT7HPucHcMEmeEeP8AVs6VnqvPwRZbMj6XvG8U6RmYYIzAACpXlYTnIJ+HJQX5V7iGIgQqKBQ+v2WJ2CdPNv1UD5WU+U1h7jwoUlKUMC5q3ZEpkrd2biHTJoElgcwidNEtDndAusrH20coHZ24lzxmFLM73RHJg06xkdIxj2MMtmZTx/q2dKz1RQXX4lKUtSfIoORiQ5UrFk7R/hUSi8PTyDJ2gI4v55R94+GUNsogj5qqcOYF0oSwOC1sukoOnzzvA7f0JQhsyJRYtTltheEee6EbTbFgY9XxRMn+g3gxHDSuLQhSuaCvE50QqrQwSpEaFeLJQM23WlKUxSzuLH6tnSs/RErb3K82EpDQcyMLoDQ7Q7Py802En1AuIa8wVFN0kVdEmvz3JKEv7HNfB0fbm3gUu/GSSnwesLaHOS02E7J+bw2KxVG725FLmCN2wMfITYh80gTdoe2QZEJmsudoXInkzUB6rQqZxsLb1umSFHOqubPVs6Vnqjh73uwWRrrBGwKei8IAMco0XYBCNQoYYC7TBaqCeuaDtFcVWwvDBogycH47RRANbUSsF7p1SHwT5abcC8lmRLAmYadykpTzTzbeB0E8MzcA6r2K0I0lczAIE54Snlo7yQFqgyCp2SljgtReAGum2IFgYXZgEalQggSDDmGq6FKWdztPkbx0mlIaehswjx/q2dKz1RiqQdEMt2RE8Mm1J9rgrn1GCrNgtQNk+1wPqwY0fRZ9Fj8MpJF+qMGth4eFH3AByzKcUlkuolRdr2DOO7sozcLznciUCukwd5k7d0SjgfKlJRdR1C7xkl6GvKISpZqmUtK2AvCfLSmG7lLz7XHYZSgdiC8aA9yIBC7YK+VtDcJ6HtDKReoK+AYiUAawkoRRyrI/Vs6VnqhratHOV23zMiFBoXBD3BaiHjuUpPI/KG7C9G0tcslCBrgkWCcsLUmADoSrz7ZO14vcw4uoik+ftghStRWi+vmp3g8czYNuGSo+4VocR24pKIYcip3iMvGpJRTHxU7zyv5l+DYlTmiWu873idxCM608EFCMQrxNI7E6wgLECVtio39WgMpmsPES6z7ZAZjeifH29eLOlZ6oiikEJNmIgQxUQqF4XP5wESiWqJ9bQTlCPl6rVlfn18w+BsuI+9MSxKxHLEvgNKBPioIz4+2PweuPhSTn2xrGo7UaQQsES2kMXohRNSBBPCugtAFIIOEE2S3N9IyACEAKpZ3wBtwTUkz70zOckLAsn1SFpDmT4+0FNRTJMGzJqGXq2dKz1gRxYAOC/JMQdmocKdZqNp9CI3ZlCoMikC9kIF9C3dAjaDaD8T6LFfKA8uOfB6x3jtwnyTBql5j3wauo7J8HrFodA5YETAXlmGK9BgSQVoS+zpIqLq27E5bOJoFFNVqd48bNS84C8ywLYGRxUBQ3pACZ4/1bOlZ64CiAgSIp8VDH9BqOJljrKUM+EFN2P/RwgvZ0FRyQQc6E+D1wSdy/cpkc74YfB6xDcCeELmkMAJVgnjS4+xhq7xBulWdaSBiQBe7BXxto2+NAlLLh7taweYPYGAsYjIChaRUBN/Vs6VnqhhipDh2MMvlY6oSFfX0J8jbBTgnmpC4YBAdAjeyfEE+QIOLz0FviVdNuAhBk7mUAEyShCoAg/PSG7avUp9xPuIXlCtCUsHPKbXuZfoF/CEp0wmuDAQ+HAhfH3Ok9AoRRlxb8odasGaC2BakIdW2J9RBUgOFW9azpWeqPwQol4aLAk2HBkBUYqCXC0zPkbS1+1krgQGo1CQUDYwgirWKRRj3YEDtNxQpQv9iE27kg55IEdUFmUapAXQkm56wSLGDswNoC5v4hPWxHDJoy0ITm2VOBN1+R0XoAcKg6d4GtWlFFIW4lrNbE16ws6VnqkTVodoPxJFR8fafifmfI2hCaN5qYM3JaOD7Ao6qYMp8PUwL4aHvzkUP+bRnDJfr6CS4DFxNfoIjhws4hRlD35yOAvripAa36CtCoO/EyzqgrRV643LytQgChCkGQk6ktIt2CkELkqkEeZ2qKYsZUu1GzFW1qerZ0rPVefwU89h2msi1GhiXUS6L2klWlBMPPEzuJ82LYCh0XCnEUIRlAKyjGfJwXiBsVcAZiGblDLRYBewVMPF9EnNWdSb0/7BsRhq8UjelvztOtPDRB7aI1rtUGMeP9WzpWeq8/i+95a4w3R57h82cr0lMNC+AAvoVDvH+yIFaFxo6g4Fl0ZKyhmnQVG1Vy0pQpMBBTyeBEem2gpEgMJgVLNSjxAiuHi+iSUjbzYRy9qgK2GnGSauCO+vlClI4Gmnxh8rfCvtmVDt6BvVs6VnqvP4+QfxiWMAgT5hAszloxbUB1Qd4oZvdYLtsZtKHk5UoL+pFl1nk48MoCZSWp/eXtj8GSpkPqTT50w8XBqgTgsPKMp2WoEJoVFxWjKg4nuQiBCky4EhkZJEkFgOF8iwy58raVlXcDerEGa1wafcF4+tZ0rPVWnFBgpSc0gsasm+MhDNOIArQQgEBixI2mKlLbOud8PDQOFgYdIhGYCCyhgNyjzAUErIo3EJV96XdYCUDcQQRELy/61GHi55H8QG9gaOAoochUwohHJmAk1FQKBWxIHoQoI2ZcFWpAMrSQ71hbNxBVqYKFChoPWs6VnqiKJ4o6qmGBmkiWPaEHBC92GX5BiOJJKK0NUQAZ0M2/ZNv2S76iUo7c0US8hRPEcVUKzdVOsAAmzfmatjBxFQp8zhYh3UsozBI7S9RCQlACjPPfjAwkOZBZnAhqTVVRKgjNE15UpprBsNjSm37JVDSorTLWAQga5qmh2E71l8kR9ezpWeq8/HZCymayIQmU7Jmg8+rS09AtrLuMB7RuigB3eE1bNIY35iCnQarHm9LvGTIMNUGUANoNcdYWCibIAtCh7B+NF5O4gBgek8r+MPLTU5xhSBFZibl4zaQlnSTtbB34qNKfaUXeMYBj7yjRKCEznZMyWRCEr9jJ9azpWeq8/hbvknwFKKS12nM6xAhMjjDFZKTZtCL/AKSyZjcuCUuJrzYznHfMG2lGBGyHR9CWTTAxN2FiH7y6L36gk8ItzYDVY1vsYdNbJC8SfybaW5mNJzcq5IWAstZISpztVWmTXQnyNsL44izF5Cg9azpWeqU2KhcrGZmfPKbjslX7aaarLNoCzrL1EB7RtxgXbzLTUhLnk1LDiz6GbjshEtll0cQse0JeUpc8J9oM16mcMzWUxAAnefAZ8BnwGfAZ8BnwGGGiGsBu53MAo5pQrwDtjS3O/btIS4A8mgiy1SwPEtAhNx2TMWgxMAFlmZCgDSGa0MhKpwi9WzpWessVwRrPtDBb0EZln5F3qgmR0kGNAkl2iAmAA6GfXiPdrnqJ9gYRh3zboEy4pIXs6CUoWSKia4FhHEadFKMtW0Ngox1ssaW5n4CxwgPGKdTGsI26CLiWIEBcZmWtAwCEJqXeKMFB6tnSs9VXxkWmAVoGIHsflAjnH7MZkec4Ab0L+OROsMJoMFJviVoQDECgBYB1wMP8DYeWEkBlO6ghNDBG4gH5Elcwl89oPgEIE6QJRIoYUtzrx1oRBL+yEGAXtIcLszBbKQHGFltgYAeGJWKKmolRe3qlnSs9UE2EiWeDjl1rBDyaOUMt4kCGlCoDmfbQcli7NIJCxGcjPtpV/qjgjsYY0gQHS0dcBdQRIgyEEjACEudvMu/rANK70pXJnsXg4HIbIEAfxBw1QGQIb3GIEHUW760gSWjl2lD4pnTCvsWkJ5uRgRCoIeC5zBWDi9KIOMWuKWLOAngoAZerZ0rPVHr0wywkvIQ1gxMhs6MJGh+5GkI6QYrWgklBUTWbntMTW+I4rBFszjtflQaKkJgF3MByg8hWiMKDwCk28P5fckvNJeqgPEU1AHmqqhGmRliiEYfQQIAQQIQu44lSDgDyO6K0n0c+vhB/nNt4IfkXIrErvsQHhJ4z70lQfY4IOJbacBwkfu0Jn6tnSs9V5/D4+0LWdyti5xu/BFAzD0+5lMaDhTEZVgrY43t5Qw6VSKhR6VWDgXdjEkQmy7KjDgUKkE4DT5RqBMY8nRKHY5uqcJUJwseghqBBD5BPp8ZjSvZVFh6GLiWxCDzA+VtCQjUQ3gSpsFhPIH4x8f6tnSs9V5+A71wrGAovSoIQoyWVFoH46Ll59hlfwQMl0f8AIK7VUDw7S06aDPDYL8vaeF/OB6NssoLDWQ1N5aZOaPFdrAWiWWWc+wwpLCmeUNfzEEs59hgCLgmTxZTXKqDKpUaEIQ78gwQKgiXIXnm5GZ8vfAxV3KqGdF3pgWEJcf1bOlZ6rz+MN5B/EMjFcDBn1GHvIgEVg6+MSFL+jPqMHs0ZFPssfHkmTw0MTIESSg8BAsBk8L+eg9DNKjlFbcieHweuBr5VMDEMlzMoRf4ZWxsSOJVWZPCxDsifZYbEvMZwFAXYgCHcOqpnBo2QgotCKjVE3hzdsV0BhCoFh6tnSs9UNqS4NoEiCwAxDgM1waiBwSsQAOJgQ8hiLrWaJeWAJGW7mmSo+GgYl6NJEpuxMlKz8aIcfC/mEF05llCJWpg2qyvwNRS5Muyc+yygnJZz4PWFNIpHlAoBjcAsDKg4lpEz10k5SKl2Sq7GgUytNom9aiZl81hk+jz6HAqnQFBaBwbsBAQ0LdyLMFABYCAhQtVL1rOlZ6o84Boiff59/n3+ff59/n3+Wa2CRm1cgco1iU3iff4TtIcj959Lh7KtUQJnyg4RjB0GU8L+YHAULI4dIwboopp1kcA19WixSVBMCyOBwFG6KC9qWRnCoJcWJPBKDoQS/jUTmUvtE3XkTxJZvYBCNqqo1znytsCR86kNZ9LgGKCwFB61nSs9V5+B1EsMP/Lz6HPoc+hxgmVANcMXuABSbOCIYu0tg4loa6XtAA20yKD9jhtt1AJ8vaHiT5uyn3Ofc5TO759JSF3dws4eBPizOGA7vMoPm6SxoQeNQEzIKWCxI421IEzZRACE+Vth87eDJy0HDWivJ9azpWeq8/hB+AOYT7TPtMEjMhLSeb+WGEBmhDn1eMRNQDBxVlNQVBuCe7Q/HdJWUMAgoFC+8J+xhl1hKdv3yoFVkuDeCeprFnPh7YSQSr5kPEdWXifaYwE1JeCozQEJ9pn2mPiLUlwtu1Ac4KBAMhQT4+3rpZ0rPVef6Yb5W0838unAxI3Dn0CE6pqAQIhm4cKwiNR2ow9IAuaB/wCWfRYAz+2WzYWR/wCVh6ofJd7wXEfNpPM/mClxxUMM5uXDXO/GFSSazmi4MMsR8NZjQ/8AAw/8BBUIBUDiFcw6g1iEANBTAiJIdSEB1lAJCGImVv6tnSs9V5/GI3030sE/Seb+XThgyDlQiv3zDnoPczbd5ae+RgjROwRsQ0uI07r84pCs5S2Hf8zMIIuI0R4jK6ivyin9mAlgYKAbZqE1idy8QMlK4O6IBgdAA2glAGUYD275gGbDqYA02TIj/wDczV+tzvLamkmFM4qzdAAAItvVs6VnqvPwgHQUETe4i0eEWjwhAWE7RYmrm36cUMjeH1DJZjw49XnDfA9zOLFzvChf3ywrgYpC5Ltoi0eEPQZ898OIDveVpW/awaof64I5CwHUMlPX7LK2t52BZBwo7ecIRlEB9pklaOJqVqWs3LhZLQ4bOoKxQV2E1Lg2rfq2dKz1ThgZ4r/Iz6cz6cz6cz6cwmv2zD0ANDoAl2ypYOg+qn1U/FMbQBsD2MEX3nOD+TFjIpNPLbZ9OZVvkwAWAEIVvW5hMzs9ktXaUff3jj+QnadIABYLAnLIdoABYQqjND0hNftGAVu2Z7njG8AAtCXL2iXq2dKz1mwJsCbAmwJsCbAiGnShpipsCIDLBAxAZRDSbAiAwQOUQiGkSiGnUhpNgTYH6GzpWfwNZ0rP4Gs6Vn8DWdKz+BrOlZ/A1nSK4/gZWHSCjEJuzdm7N2bs3Zuzdm7N2bs3Zuzdm7N2bs3Zuzdm7N2bs3Zuzdm7N2bs3Zuzdm7N2bs3Zuzdm7N2bs3Zuzdm7N2bs3Zuzdm7N2bs3Zuzdm7N2bs3Zuzdm7N2JUhLP/0J7E2P0uxNj9v1YABigYuo/Q6sQGJAMVb9sWZv1gNr+uvrYGL/ALU6saDMbWBJfvhhztBgofyhBgjBtikv1Wng7AQ+UJ8oT5QnyhCZAGA0/wBpBBCtKnBiUWhjaZPF6KHNKyjhj1dMhCkopyDiDL1QQYeAhXiUgCO9BbpgDL9qC3GRCr3dzKM6HYQdCysJb2F5FXof0HhIYJa3UIiEk3MdiA+2CeREZ5b9rFhBMMEIiLQGqYOCCISIZsO3oQkvIVBsKYbH1RYYeAit7An8yi2Q32wHaX7hPDOBsf2k2mAIWAQGUvB9oWr4pNIQsGICgMyueZYeuGtREYuARPtjPsjCcLymGAKAL0DywtP2lzpIMb1F4v8A7ijwX1foYgIgEbwRnBcT6af8dAqABoMHH9xD6euqmXW/9sBCaogw86BCRv8AoQVkrvBh50CEj/L/AAgcz+xr0CQAyYR0C1hAmVgFYAN4iAjaDRGD6AVgA3g9gI29AgTIraJWTKgMAa3fspsYKBNgfvLANlVZddZFQcwrKCAKPsTFN0cPhRmiAIEYDogKojqJI0V1KbH5IixqwMHIXAPsUhQAYBpmIlHcCA5lrjU5JksNmXMMAgqOpMBQGGizgaDNekm6x/2hkLN0UChLJEBaHZUe9oEPwxP6hCEokIxYwdMXLKA8UNJcCDA5hxxhs/sgQ9j+WASXMJDhyFM+0wQhWULxaQlZxAjKIC/YQYI1hYfIJm1Dgagd9IQstT094UxeQQETKgLjWIKQHdDgRRGW8KToN0Fch/kgpaCV/obD8yqn9GsZXmhNxHDChF2IhooygAsJfAYUJRW27iAI5qW0DQd8+m8uAmsY0CI9EB0IAC2crtTJqRaZ5CEECOa2tFXQjSotOpuAYPIQQl+yWTEpIQHgbhOS3Q7SgAk1WJMfdVFlCmhWR9oa1CC//pC5DtOQ7TkO05DtOQ7TkO05DtOQ7TkO05DtOQ7TkO05DtOQ7TkO05DtOQ7TkO05DtOQ7TkO05DtOQ7TkO05DtOQ7TkO05DtOQ7TkO05DtOQ7TkO05DtOQ7TkO05DtOQ7TkO05DtOQ7TkO05DtOQ7TkO05DtOQ7TkO05DtOQ7TkO05DtOQ7TkO05DtOQ7TkO05DtOQ7TkO05DtOQ7TkO05DtOQ7TkO05DtOQ7TkO05DtOQ7TkO3/AJmSjALkzJD7EDgGPLugARg2P7sQgFEIPtPsk+yQhBJzn1MgZ2p0lLHsoAQs4alVSLdvahy9QASAAXJj0Xgw6cv2g+C09d/MW/AASAAZMLqlc/UEw97BjHS/M+c0/aLThAfefaifaiN2QIP1D+fJqNDHbN6DKFXk8agd9B+qF4+5AS0mrf8A9t//xAAvEAEAAgECBAUDBQEBAAMAAAABABEhMUEQUWGhIDBx4fGBkdFAUGDB8LFwgJCg/9oACAEBAAE/EP8AxQwrDvqKy8d7VyQhS/oN2eYwoNEjacglwpqNi2LNtAwTVql9ODvY8YuhcR6XYL0Urg3cqX2WQ4LCtAMqzSQVaVaLY1cPSgaoOF5JBqTCjZ8gL/uaWhNWNLsp+xNgFXFxw5zWigDmsaHQdiw1QfeHWAqmgCMsugQIkC1DX1KIOHovNcki22nSGE1AA7J/EeTKIYIf55ERoI0YEzbybErB9D0CGe+aLWsRrfLdMYzAoa4XFByvJW0IBK0BQFcNqS2BqyolI1AsIDq+uYamm/8AXnFSj67N5ujqbwdFKa1GmnAlnRiwLIXlC2pc1Zwgpnj0ZCejMMCBobf1rswAv2Li26eqhif7+nCjcGptBh9QI5vDm3ZOgKM2H4b9RDZKYL6SRAOIU5HI4ZNE526fJ1QkAxNgslZqdVEpJjTfpnpVr1tP77PXyA6Y131NStE1oGD/AK82mNWejD61Lqpbph6SqpFvVffhbHarai1B5OTIGbKkotXCRqxq6utKlT9gWoYy2LMOzgVeAN/kRhrq/RBiUdf+wBAsshXcqCJpPC7GY5+fTWHnMgcqTUg100NpbzMQEw55dhVEL7cHuBzgLdVk0SPgyK7JQEKUhDoVCnqxbZTpjCaAQN03PjM+MxCI0AU3f/YT7AVVoAiiBpaDyH+DG2AqrQBKJJA1UzoAoP8Ar4BWshrHKospDluI8cZqmkBAJFjdFazTU5trpgrglPSGwGIXwoz9kYu5RP3Vg9WfV2wqfvZoXBA69UL5sFE4A2towdXbVYxEAc1eqoHD7dYkIP3Ag+pC77rCW1XfKDkZtXbCu+9mhcTFV9zRGQ01kbdUgIXYNiI/tilidBrsMDgatAPhuxZuexToZoOPM81pxGfOH7gAmdpYaPDVzVJlzXbSOFS22iORE9pTUgsprFzLX9qwwjC07/7kKwSLVGox4EUlPCnVLmpSR6x61IRjX+i3sVjh9htRa61E1tTUgsprHXLR9qx0RATfNaxZqixtXVYFM3yjP7bqdljImnQmnQSYD4NcpBQISH6F3qudwJqALIc5xmlf+EXRBBcqvgNs7YFYL4MdmXq2buNK4wKasiIaBtFf0mDWL6wBCzpeJBVBpGmWUupAGnUHrm1/doy8NlSNE3qEeG1i2xtq8syPoQBTVkRDQNooilwaxfWEi0dpOkg0s1t2hhiVWjg3+3a8BUfSfHd9moQDzYKg82wf/O1aiByt1Z8FPgp8FPgp8FPgp8FPgp8FPgp8FPgp8FPgp8FPgp8FPgp8FPgp8FPgp8FPgp8FPgp8FPgp8FPgp8FPgp8FPgp8FPgp8FPgp8FPgp8FPgp8FPgp8FPgp8FPgp8FPgp8FPgp8FPgp8FPgp8FPgp8FPgp8FPgp8FPgo7RT0i1PhAbZ/gbAc/D338D77w99xdJQRP+lCBxtBkWnszOb+aXiYZYzjRiglNTKshVC2EFGE5MnEzB3TGI+kagqpWEg09H9y77w99xC6r+pcDQnIOUVC6A2PKNkUa69l1/MCOblW10goManhs0ryiVWjpt9IpQ3V7mIdR6ojDddda1tEF4atD1i3CvIpGSMhBwDI6E9iBz9CjVcO3Ni9X9h77w99xW+kCfdGKAV/EYoRC/AEgRyWGkGzS9oNf4hpw4DfoWIwUWmv8AVgSAW2815sHtBNBpGz00MGvRQzYVRwAN7AjFGlSz09YIBiKNFD4lrZyQ+C8HKccKMLKDMturckBurlBQxR5hWmUNTVmuvOiI9cK6p5keTdJz6AQFXOPB60zTd76It70Yr0XNdYzxh/QSvRfBL2rVUtv6wEk6A2Jzid5aUP3SXcOPtH63vvD33EEaLD0El74oqLB9JcG9mxTd5MMildPquTKQBMxC4FqvJs+rvF6B9mMlUaMXBEEjeIt2CE3Qv26ksTGiB1UxSEbrKL4K4Px6BBlrfS8H0elAP9KEtPMyl0YbWBPO9nqNYkTpNa3IDA5jmRAIaTKJec7ziGV8TKsCbdvjo0lRQiWGg2Nytr9UQMzOLVnVarY/mneoKH9b33h77iAyWKwGuA0NIjMwv0YYDoijR2YsaC+jD1T6IRJVUECOYLgY9JUpPmlcxnXpI2QH0Ob4B3E0hSIWWxBKWil06LzImWInQMMBTaeZY+DWtfTmwmH9UjAfhtexF/7w+XnHItCjnxuRRnU65QljU9g7NIuLEw4qNtOr0EV5FQxOwjXXRvWqlrNQLXKDSomHEK9/bxFNUPG4a1OgCWp3aVstIytEZUwq8HLTouYM/rXfeHvuL/lURoSS2NvqzSclvoaj6xe5PRw1znI1oNRUmFKC4Q0nUI0oGzgpmZqXzjnelOWh5jEJkqagLqSwhdWFmcwYlFCW0uNkBIIBSDzTD0Lw7MxXUeYzSaxMv2az3rSND1giCNj4e+8PfcSHq+qptjRDGz1gcByTNaatwk1C8WwaBHebhqatLBMZUmT0CoYR3QpafeCjot1ApYUVtEw4d46zc4H6N2NAqoKrJZHQzszBWWYtYJMk/JVhl/bHQCJSTJzRMiII2Pg77w99xC4axGFUQCIY6esR2FBdUzp6MYNFgFIlbCS/JjCirVvMOzJ9RIXaIz7pXTzGQrzrzGELKBHagQPrKjwANW2smkLidIaRdoovQ8EUpMVsdJbJGegDK6Yow4i30ME1UWx9LmyaBbx2pK5MxLp9VdiBBa0aCGWhaGs69vMDu+iY6HGlIVXtRaGmPr/VHIdw6jznQlNmwYs3kN/aBslqHRNSbU7DqxXcdcUIM6LzR0orV1Ej90ECt2tIOTgXsC79INxlyQ8oyBjKSo4LmPm0uapyEtT2nN3JGG1s0Wbh1e3ZUpdM27qiFPkRtDqy6y35SiCtwtm6+iZC6tzianzawcbWBsfDgmGiSN/etjoeDvvD33FKCmh0SVZyOdRABDQKEia4YdCxIP7GQG8xZGu99+mixQLdNCPX+7AX/rRSmVIyLNWcfXdQIeNEF6ZMpgKaxiFQpgUW6mmI5QV1ygreJIKAVYbMJsCDjBIK3yvyZDRch/1GN0QlhyIpzztUTVo1WO3wErUhO/3qsBzxHVzh6CAiwtg6xl6i1u5RC9jzR6wUQYrpgFGCI190arcRzsXEQUjhmEUaCQgdPjANaLcGd11vDhxILf8AEbZRhaV1y2mWttx6jcjJiyJeKYjUvSmjoxK7WS3Nf0RMhGlWepyEe3HdohVkK3UXU0LljVxpNDJj6SiKrenxrtK3CgVtTC79HcbASYTWMHdUMncsBsvug2vP+0QRsyWt5qWIBsptGyuk24PUhHIeoY9eNcLhc6M1908uh4e+8PfcVXPDJRK4LtHOkm2ZuDh7ToIyEa7/AC5wwAD7uqy1ocwuVO/polNjLpB+/OFxI2ze9Jl+qAQPTrGtqSTfuhpBqHQhx9AgicDno43mDQcxgSBADYIEGggtydGLKyG7ED+OuQR1q2LrCMNJdWEQCsWaNAmuCYY/M13Mwis0239SaQJnL0htlX1SsDFHIeYTKwttHMMGfqsGtLgBCj0U0YiqqqTgBerdasBE1Dox7FYNGNAgbgSDoVrzdLh0xqgdeJ82oOYwxIqx6IalU30itluBgWJgEKvsGW4S+Vtwey6vq1mfVe/fuqZoHUbSgJKDfXaFydTHOVWkodGMyFE2lRJipHUaLgAKAAPI77w99xY9DI/VOJoyOQcq/DoI5C+nqvL5kEAUebh6RTgCz6XL0V0UYLJYhghyIPUVNivVLfdqoa0XkIPL+oile6vlPoSmxz4thDSqFfuXfeHvuNXo37SIk3WuhKJthzdiN51Lpq/NztKUsgjw0+lnSFCx3yn2Zufs4SMVhQZUMfaIvtcI2ukqBdwUBBIB4UaIc2UpI1tb9kL13kvwcayK0kW3Mi60HNwI1H7kRqQ9vPjeDLnVa6FzIwKFUKFw015DYh7efG8YPgdBBAF0G9Ui6MOy+jnBLBaGsNYKIOiakJEmG6yDZF5EiOcYmAmwUY/7MOKBNdLttzJuW7bJTLb7d1hVwDRrtDmymkdBVKN0RFaUCZxXozF2PRZoRYzBMIBo0wJdKdFEVVMecExoFwhiD9ST+v0PfeHvuJemGXok0VCH0jlvOo5HqjO6mldt3rCShWXVHdh2ET6CPXnUi3qYMTNy9z0tbYl4sG6jKJtdrIffEJ0JW8ms7TVh7LrlF+C908kqHnxtDBOhoOag3kJdbhxjEtLOsNvTGTuWA2X3RW3MwIYOQ6apQxFq6tMQapYDZfdG8qAXzWHXKaLZJW+RsHbs2lv/AFCpRoXAa0W4M7rqPnQa5ZyV1RcnX3Ne4FqkwzauEq8h9VUil6sLFVjVjUuD9T2wA8iWa7qBaSEkGDoSlFy5BrTEoQCrwXYso0pp52uUcWhXNEo0XOWErzo3B8pEF2dxUzdlp9Q/RfO+8PfcbFERkkBPddgQDSdD5zXkys630gBMoGpJWA6kRMyA0W0WAKHbI56c+QxWyBTkBuWQb9HDtdAOY25iCbcQBCtBN54rttjbVFOpTlbBVB1kE53As5YMlWPJ0uOAXTvttC1B1kNlABurtDwLF8xDI1p1C5MVVhW59C4aAt9ZasAgG3KEVSaLdqWbisNoi6dsFmKVurdasXeoDbSd44E+zBRA7NtB4M12ttB/xn+N/uf43+5/jf7n+d/uf43+5/if7iioXVVXv+h77w994GCr6R0TSjIgXoixTpGRVdC0PRgAWqN2G7c5qyvdwsGN5tDA0IjKTa1XD0jbbjzI4G+QFnQf2f3LvvD338D77w99/A++8PffwPvvD338D77w99xR51OpnUzqZ1M6mdTOpnUzqZ1M6mdTOpnUzqZ1M6mdTOpnUzqZ1M6mdTOpnUzqZ1M6mdTOpnUzqZ1M6mdTOpnUzqZ1M6mdTOpnUzqZ1M6mdTOpnUzqZ1M6mdTOpnUzqZ1M6mdTAed8e+8PffwPvvD338D77w99/A++8PffwPvvD33HAbQ2gbqWfVV0PJ42cQeLK5BPTZifMIqoO8BtGaMnqosTuU14NTw4WHKLKXht1Ki/VZL4BRMhzhoIbbB6CSmpHbWhwsPAhhbDxI6Cze/EawAroY3f34WVfhPIbLb5xfgGQCVzsXj33h77jUqKvPIJBpcMW/VozW+U0CjLN7w6nJRPcgCHW3zhmD0KrytTXTFFKMd2qi/S4qkrDXKo0Xul3AQKZ9XRL0FNoXlhOWdDQ13muYmRo5shFUlkK7EaPTqKurh0yCrOveBQVNVbnW0aThVgeVxmlj6Gs/7uPYsTQH2WUHYGSJabx9ct1KTOsCu+1B3IgddExkTYeRSnNzHinEjIFoVhldSKBXVBhjCQDmhrS0kguggh32voQiqSyFdiEiiT3lNt91c0KiSEVopYnDMNFwKHmiGgahcsglCJ6vkEBnZdNbsmFDdgd00vCeepuMWFzCaBW8ZaAgR3wtwo2KKrUby8MCBq6UWapOqUlLy/JZAiqSyFdiBplG5ILZSFS3c3DqKnKt51tBCpADn2hpqd1miWfslLeRa9FLGxMrYUIvgJVLdpuE44lala4JBKllKOPfeHvuNVMrNzVZ6nOeZWY1LQtA3RB5kWFrmgOUQmMKPqoR+oY31HSPwNvModtuCJiNAWrlEvYFDQ6jyjcVhXKPVEgcWKh7Mf3hhZioi3toejqxKxqsOaN+2/UbrhBMhS1ecu7y/RbUObmAX6lYbVgicxhYRoG2gjxUhlQDLsQQjRsMd1KXQwg+/joHQzLwv1qmq0JjVAatAn/UTJHmYFuKJzFtlpdyzHAdorlHRdlsIxZQA5eQ4LVb9c9sSsartmgJrKvc1Y3oTDQJVoZ69dqnSYwtDaK0So24mVmBPtmE9fxZYTkBkX02ZL5oOXmWKL4guzLWCBDWLm1qpZB2oQpuiuAiWuxclYsEwq5yiEN2fCVjVds0zIO5S12xXF1XopQ27F6ZqHNzAL9SsuZGOxoOA1VF1mBszos0l3nGsVlL9KljBO2I7KKmlenHvvD336ky16CZ6GFvN8G009Mb8aiToQwItjd4pyW6G0CAKgDVYIgjZ4A7mtNCO0ICPMfNEe0CdGJRM2+T33h779MTFVL0BuwjtZ8B5hiiUhJGkLm2hDVVl961HdoNuDCS1RAgcYkTyEUDRR1bFQSkmkoulOGdlNlwNUpKGwCwq2ljg1K9UWejFoY3dI9EKdeSnKyBLVG6MuWJCzppfIiNWtDCPYVkEFb3RcoNovDDBWrsRL/R4OVC1ZgAnH1R+m77w99+meySrw8i4FRD5Rg1/pKsMWJ0CckKKuEtAeJP8AB5xC3M2pByfCKvawIkQLQ0ibIFwDoCNOUB6zYTKjSpaob2cBLuEf4HIlZxwGsI0HAaE9UIBFiG6iociG8SC2DyqPatd1KG8pdZXUrOb+md94e+/TFgw2AGXRIACHIiBprMXOkLwDMEoWwCngXkJQC13YWAVVAFru1EQdVQAKzpCIDwvuq13BqlygfZFGya0CxAIgiUjA14tYOyWCK1cGnKoi56ViYcqmug1qLmCClALXdgYDVWgWu8Rus0q5uYDZQwfshbZNaB+m77w99/A++8PffwPvvD338D77w99/A++8Pfea8uR66PHNNNNNMuUCAoIon8QKYQBrJArgVcqJFuORxqaa2q0IRqf6YthfCZxMmQs8RBk9MSlBFfpgql8R7LCScJmDJCioQtxIyYUGnjTTTTTTF10e08/N77w995yDat+14d3df4oVb4HJbTVCGwXFvBnRNFVJ+JySgdwUTdw54zdNHDa47aFX8Mnpm26iFHxfO+CqZw+fJ9VtPjjVa70T1KpaCKmgHhW4G6cKaxtVo3BRls6K4HlitmlVGG0xMuC7/FArfh3d3e9/1CeaHfeHvvPk5kqOtT5mfmZun/T04vnxf2NbBNlQ1YzvVql34aup9VAcfklkRJK4O4B74lx+svmSfxAe+mlBhzJI4BF88MpNaNpGiw9NiIOzYIqknM1TDMbcTXUkJAc4l37arwtfvvUH2zRufMz8zIEqXVnnvLvvD33nyfsPiG+dPpPalQBP2ul+Ntu71bgljm7A8G3ule1OwkE4AAwjouAREW0xR1OkTQOQFr+aSjbrWG5KW1ItyuPUISpTvLgKvAFavJrM4cRuOMCyHBAIgHN4XgAbq+FSuHbMLcMHVfZXHL6FeJfcfcfPeXfeHvvPk/YfEN89xlCiggpC+V8PbzrVp8Pm5iAwFwgy9eodEkQGGIVeWCdKjchrR2wqdPr4RKaYjd47sDUCiPbwE6Q8OTAmDzm1sTz+sgCcAZLf5uXV7Z5XNsZt4vGvuPuPnvLvvD33nycFtgCziVVz9dHLTi+ekTX6EXc2vLpP4u/mO8V1LwKnmzvobM5/kafkPwKdyfQQOU8681yjjTiuvDUE5bD42vs/C5pOvlru693AZGr+W1UlZulurrlqkpkWJcV98enySUcFUC2K76SKjzzy77w9950l72cNoPYM+Az47PgMVvNiPAetcnxB3q1Cak9QreO5vWi+mbpSN+MUXasYqYlAKIkCtoSBwzvj7/jix0e7pxCB3ojdKO9UbpV6hy/C5r/8oVtAJybjHIsKq1JmuMO+Rirz9furebQY+Oz47PjsPa8TvR0285LvvD33mjZSBFh4a1rV4brUtnV8X9BRsv4kI/Dzj1y3toRATQYJbMDyMNO4Thhu7dmqKmMPs1ThlVPEJpRW7q5Fu+VimSV3GB7HdCWInSruyORvLDHRw9oNS0hFSnoIZMcW0Y0710QsG27kd3B0QUGYa8LWtaplvC1TEMwead94e+/RISNXWS1cPosjYnh7g9TYuH/2Ua00xOM9b8d8UK59z40BYFtkX5z8y14bHpcN+kYm+GjjoZG4acPukVwb3/iesQSbvBCqNaPhi2a20tSjXxDoh8TPFopgtUOg32CqHnmFqgyuwkU4uNHCBwieZoo81+a77w995p1WhTRHz+GynEJ4OLdc0bVNVhz1wvR7l1q2Pn8eFWlc3bnHTtG7fTrHFTtUIz+G+bZR5v5/B2A2FJqoMabMX410XhV2xbZS1ytfC4tY5qsdPkzjtFtlYZbOHUfgr+HQKzqs22Nd78Vl8+5v0q0+TrE9drC96r1ZGW719wjjeYUFK4fSD0NbQAJIEWfPeXfeHvvNfE2ctithKgDEQDCUeCWtrp8OvSxROBX87+7y4pphV24+qXhcv/ggJxpNq+X6zo0t/AS60wL7bLMyj8ilLVm01S07Yiu8gnX2qW5uwvKhWJHvWK6qAr2hEpbiz0wh7cRfPY+FByTa3APYhjjzUnxTPXTYploHA3sZp6i5AWmK0q4bXwJeEExZnFNOJVcCWW8133h77zV16FqERsuW2cxNEGGOuoIClFyyPtFhjVOBXmiKUuXW5ULkXgr/AHE94x38K4X6OHQqlwqpZ3uujuvCx+YEpaFng1bXlneJXDT9Ba6yUhtXwt+BhbSROTVhcGDiWpwrCvk3ojI20MI1u5oBYSqHCqh2V1IEgS518rlik3eNwxc31FcTQKsFYI0fJK4ffJp9lUKanbvPB33h77zUnjQWkpx+njBP0AiI3Q1BhmEQN0G2o1LLLpBF2AqKlS0MbdNg7R8Mr9HDcMM2Yb4lzXvIR0H7wwB67xx/rMxADchRUUCrxJichVIvxAEoiw/eiFlhfsgh3V1qR1N0QbeCkgLb4hXHTwb4HIvV7w3LORoOCdx5U0ILbc7dFXoo9YaTjuS3m994e+87b07N4b8hOad57FTJN3rlL4Bk7EBwjYmQowcV14CvBK95lZ9lIBuEtaEFPgHShiG2fkJv2Whr+tJf5LUK4R2S54GQQpiiYD0JKZV4f4KdJGJUXBDWFLvQgb4tC/HTgJ4V12kwGtvZn0tOWa4FPqjjf3zt86XfeHvvPhd3NRIUEK1xyZ31Sky2ntRBlumk24nK9ZzS78BPq2aKZST9fFH+R0R8+QOml4xx3Lu+oiUuhw3XHXhkwvq6Kg3HV6pQu4JPrdGMjF/6zwN7eacWvEY+1X71kZW7CU8NN0+UDfrWQeb33h77zV13npUlZEfISEIm+FQ6XlmGd9wVmilzFwXPoIicvKgbj5qPloXzabOKfgFmpuvoGBeYyfRpUKKdC9hCFjUNKYeKwK34gxu+GiyjFDl0Sx2TzTTi3pyJQeJGRTwlmpGvREnVKhbjVno8QLajKWhU0BA9VWMQdRoUqCwFsyznfeyutFNec77w995t16FiBhrnlYraFowDBdJpO+iHiaoXknzeAV5ziijCMFKhinXhsqPm8PjAu6shE1fYNogxusNI2FeVUqGD03RTF12KEWtV6st5y3nLect5y3nLecWtB5jHDa+8Nuy7KurlP9cpwECjRGPAFM0o4Xo8AJQ7ZZVuWOM1GGbCIjLV5cR+cnfeHvvNzYWZuxNZzrjO/R2k++iQQiarJc+OxEQkK04a2NKq0fHYqasLSnirheDA3IJOa3LCoqK3+/wHuAq5ZkJw8DENP98RjdCSpUbwIm5HDE2SgMABxKhE1JXK2VaO2CoFImyiuBYLwwEI5ORRQiwQo0FRdu+yqXbjoWbHx2fHYRSs0fDT9Wjze+8PfefLa653Glu9OzLsXHqFRk+e9MIbcJnid3Wtfk3wVoNrYsi4ojvHwnMcm53Ph/l85Sl6XmL0acF23Jzkaq28Oyoy76uH+nz4dj4EmB8JQcDWUeYVtwOE2+KOD2OY9Fm25OGsPtemHP4+g/oHl33h779BIrmZfThM6chaF2uJlC4h0rXBvrpmODsAhxKixlgr1wEQ9NKYvoQcykGOrMyxiMGyuVWnF5/l8+BkCcCaz4aWP1wbSFobQQ6RlsVXD/T58Ox8CEkPMt4MvSs5UqNGAf5jM8GW5nR4dxzT97c8Ha8G+fpWJVbFctrze+8PffoJf5fPxEeDVZmBZ2Uob4tZ/wAoVFMEEC3CRRxBVS8O2mIvJYA9eAn+XznpWiC16aw6/pYNWqbmYdqMBJpHy3pKabx+k4f6fObKTjhGRaUqScgrzLWJQk8fHCKp0DhUVnpQmXA2KlFjLfAbs+bGaMVVoUNTg9gUnShfO77w995pEKsjVjH3XBMQrVDxsVihZU+Mz4TL6kr/AGbICeQVMZgoBh91x91xhf8AFeHFy41UCAO0mFBjS3B9YrWApssZ+gEFJHlABdd9SbYQiCvqLSysepIiNIjyZ/p8+HdTSknKA6GE0HBRR9qJW2fCYiW7tCuL4mlqQxTfBct4ZvQDsrF37F8tofdccVbBtDzu+8Pfebdj6pdMMtVgECeljDwBNaRlB/qdeAOw28HUqH0J8NZaUlaJxdtnhjpiQj6WgOEYEEIAco0t8hQIUxKsCaFKR9LXURxW6jK6wX0CoN46WN6MxbkTZlvDyFM+k7MmGg5cOh8QRkJelIWiIOYoEDElujI7YaKuTBxpily8NkCOBst6IuJberq3Eh0LAhnlA5ZSLj4Pn/feHvvOlotyI0yoFqrpaqS1jVlSzmUoXrcRA60msJ8PlppDQ1edSbSgFWyeBVQAAFgjyAmrjufBGKRR+sHQdJE8r9GMB2boCLq0VoUfonQ2OA5kcnEIKGQJJeh8FdD7jAwAiNXybJivLeayx9cC6mHA8YkkJnJNUrW2fYdc4sW7PpaqQ1hdFSpFqvvPivPvvD33nyt2CWpZU6me4KW5tRk9PHSiWnGNXHXV0F2d+zW71uwxvj0zDbKWWxDW8bByGJMW20cUBUgzUtD0eA9GchzF+pLxI0GipyJrUtyilbyitY8m62rhNBtUKAcFVo3NyV9DIrwT8lS9ENvFy96Jf4q2Lq3O84Lr3GumvTJrR53feHvvNsoHpLId+xtokxl0jTw1WY4UsCDaMy7WA1n+jij0urUl5CI1ojwjlTJDN/pFfD1ZYDoKqA3BvXLthutRgbIAlemgQMNOCIXtap032TpvsnTfZOm+ydN9k6b7IHOYDGba0WJPQUrDQbyAV4ClXo362yw3Z7ZXMbyA4Ungttrw1frXxhdFQjMr1b+1ctJSOTGp5hzr5vfeHvvODifokZ4If66x+9mrUsqUHQvCKYAgalwq+ZgLJpl9KnBQ2uHEJu1IWj1Sra4mBjo2ftSiOd91PkU+RQyDTeOEi+sZn5FPkU+VQFYFVQ2xBLXUeBSiKeGb0nHIElJSxOm2OLPyurCiX69C+F9DDotBG1D2PN77w995rYmQ6rgq95jSlucLkhvaNcUzqAK2BzQJ/wBPBnNnb5HEqALLkNPzwegzh6E8JCQkvEr1wjZsGC+b+5j6LzyVi4h/0fxlKyZH1zD7/v6YluhoWw7SgyAinqnBdrjEo4KqUa0rTfONeFVqvm994e+83ZROQcANedJTw0jibMJov1mSPP8A3svg40/9ltgzCvGeDwFwtOuJdXhlZbN7DgtKZ2lIbZ74E9yoOjDYgBcNSkSJOmvrOvCA68C0KRCkFOhKfONoWBu7JT1TKAgwu/uxJEWAzM37acDlwrNFsRHCm3dQWFFpDdzgCz820vgYetiQTsmVNjchhyPN77w995qfbqaVw8vN1AcGCTFV7w9QD/NqV01TaqCHClpFE7Ci2SzhozfLrtTUBkxNgpB7AcqvtylC0xWDBCzRudgYq843Asnd0SpAEZil3GnCWbufnsXj13k2Y1JEXE/BmEVIhEk/de2CsXlWQTge8O8ywEqDRbNR0diAX834Th7HE+8tKkvdoLgz9VVhw8HP+orze+8PfefLv0adV7a4/wDgY9jQVtQqVJxzJZoAw7WWxFkM2adZYkG8U29kQ7N2qVhyGxcOa9CrsC5gugIrjlGYYNM28okaBrMXaW+SI0GKLEMftojMHkRU90TlIPVxstg/K5RIWMpS2djNeZ5utRfyOvVk/wA/l/QS77w9950q+dC2ENbNBluZf2qoyZ3ShfA4c0UrVQxdMEPHZkcyDafbR2uOuQeHEHr53/jLJPC3uAQBU1D3MUbFc/FD815XhJe2L3TgcA9W74Tc4EMLwOU1iHIIw4FgQWioJm1YZAxA6AQJUchGyCJRovIFTu+DpovpUA/1pTzoWoD5ou+8PfefJ+wz/L55ytCQOAhk2CbEMb6ZRCa14QItL1Mv8BhPe9hwjchwdpL7jhEfCXmlxrzpLXQlTx8/EPo/VTWCQQfbEZlWOvrbRKYSDlwC/FujgMdbAUIHC24tCJkKOFmpuXT2C5RJZfajuastVKKWC0HIPN77w995odvo9o6kQ+9hoCJuh2epNE0bjjqQUsEK3WoqBgboQyFsft0QPpaSwjzyNRRgspMdO1kIBFBkfAW6/OnaS+JaFWwgq35y4sbz8XOuDae/cvwjpeys2DKLPEMqbtcPtKkKKwaAYPcxlkVkBFF8qQ270TOuy4YprcLlB1ZR5+lUKVeCeYlwjRc6IkTE1tIknqsKU9BiWfMptfO77w995qK5H0njvvvvvvWhbTkZJjaQX6MT4fAr9eC/JSvFbpwGMm5IIB+0gZSLUUGnCWkGVBkXlcMoII7hzqFEK9TrfK5mhuP4/icFEdR5XEgyIMqc6hNVKNdkmrUiw5F8Hbe2gb9CCuxXHAtpV0zBHguOjq8fh8tJyKXNzq4xh8q7zwGGI+hgeged33h77zpUrYp2MEbngSyywjqs54TkQQ2qmd6XVPsszZ8omK5VDPrpvW/uGCSBsBN+jENGUoX7Q16qTQJSVp1riGGHn0xZ0+vwfhL0o92TQJSVh0uGn4BBhKkuFB41Vh8rEB6zIZCgOP2TTq8fVIfItDB6BxG09GJx4UaGIre3Ta+d33h77z5OSLmkp4ssupuSxxvn6ObQ+zw7wg+rJ9w4LwWurSr1IVXPTQ3a63UpntVJPRK+pJQueD3T6+P54c2XyXECwVFybsXQTPZ57HDyUhCXu9yt6u3CzhxdWlXq8C3JdH2HiyysTdVJ+rFXssuTpUaED0Cduiz5077w9958n7D5I3zhLZuiF/WM3udIpQP2gcabAgfeJHaBEktrXIxDIsm7SC6EV+c4Q+18+ToiV1q5ups0Wp94E5ym3QlbRw/aHBgoWXeDPWMLXzbKNq+hBAmvqUCakkMOzw/+iBKnm5oZJDegA+xw3e8QWVinOh6BHCqyq3ze+8PfefJyvp58Gz4Ng0SPFvnYJzhWD1kLwH/HpQKIbD+5GbWMoGvpLB9vuyPGFF3j/XfPu7ERotNJ95qwepBwIubp/wAhkpCjcJJgnQQgFq9CH11zRQxe9LLDKLnZV5i4TpD4ATTP7UgFoOkk5O1sWFhxsIQBYh0kF2nvrQcwVViaTAwbhkqQTBQPN77w9950kZAEpxnJQnws/CzmMmiVYUObY8M4eLJy13gIjOCRO1+YE+Rk4TuoRnT59XVx6VjCoutBx/XOf4jFz4Wb/wCGAjKZcU8WUK9FoEyk1STC0gEJgOrMJw41SInRpZtcHtbUYru8uyENRCwHoNtk2xv5WRQ3btxXNd5tUIiTBVDZbyea77w995pSapEHCE8zwyqqqoVKOTAfmzrPATMjuBelLPhk+GS87G1zvr6cUq/DXV4Tqr0yZCvXI0FVfwq6rWcZc/TConOM9Wc18OFklLquCWvTUnr6ui5jRwPoByCuCpd6hgtAHIKiQiunBK0PNkFQjkQNpsNygAAByI1aruogAAAcjze+8Pfeagz4KfBT4KfBT4KfBQNsB4EHUGBNgOKHUGfBQ0AODqAYaAEU1DPgoaADg6wMAKAItqGA0ARfUMANAPCvqJ8FPgoAFB+g77w99/A++8PffwPvvD338D77w99/A++8PffwPvvCXe/hHOSSuER/gP8A/wD/AP8A/wD/AP8A/wD/AP8A/wD/AP8A/wD/AP8A/wD/AP8A/wD/AP8A/wD/AJKXWOy//QkCwbfEt0RP0YLBt0S3xE/bQVom99s0QDi6wuMLb6REafPBWiYb+2GkK46gDMW9vKIjT+1hQX4xHI88DaZ8Z7Q/arC9ohkAC1ljwwOtfSNG65kuy3UJaEsSF9HaNEeNWNHzb1aHCjELAFrm3Pifznxv5z4n858T+czzEQBTgoc2v7VrCeP6JS5U51oxXQbkDTrRtAwctNaUHqwjtwRiMOHpL9Brue2UVtdsUA0U6gl08dJz4HpL9pCghP3Uvo8TJU0fRGvQIq/zIKPoEcayg1YTyo/GmM33EsfNCg41bwGrNY4lrRtWFpblyy1iAcQpY/tLtukLMsjcYZtbDcDg0F/fy2GtWZFpcJ0JaYgogGCiiN11y6bkea7bmcej5kl2POHVnTl204XuyUOON03T9pNU6PBmt+NM1U+olS++3pRIiJqPB6DcBH43realdG/mncXTg1SfROLBiLaXXHix8oFu9rCm0DhTRv8AtKW7bwbPA+KeuJQTdLoy5UCPkDFrKx2dtvNcn7wbjfeIFkSqgeiWuA5qx9qwBRd6ZVAtAoi0TJ7bftTunJBEs8KgWs0bTz2utUESx8KgWx8TT9s0thhUaGsSNYBuTW36HXkHgK9JQ1iRrACvuTW3+Xo3+gLgzBpZ0aX5CIABauhLBCo2SqZiXZotq124NSLdURMFaqsgEBWPkNeeSonVeSvyESJVBdWFIQA9XAQ8LVXlen7KVAaUaY+RqGoV5tRlgO1zul6xCoO0BGF0QeBE2SJSg1FZNCsoCgjSkv8ApCoia3QXdg/uyybCSli3foqywqWbg6CCZR+jzolM9ZudQsMLrssGjWh6W9YuWrCKSb+stBCjrKauKggGq76bEo4lclXc6wgrAFtVb4RN306AYRg1JSzRSaFI1XTZ3hy012tZ0nBDu12EcRk9g3JnQQib04NYP+yezzjBUoOnrKSxNN66k1ZXIHwt4NGiLkBUcztMSwsG8bg3mwRw3KPfISU1X7DkxKJY0lxlljfLmc4BSgOpQwta7aukI81kOLgFglZgDYy/1rNG19dIbmCwspzh+tUtJepVgMrkOazuOnqI/QioBH0lh1AmA5FuA1WJGpu1bykHRv8AlTWnZ9X11Yvu+Oaw3K6cWFw8qiJRyt2pm3cDDS/CwIIVtT6aMU9CFqDm25bXQBcAqOCQg/VKAtsN1SGiJKek1WtDoRvhCK1lbkpvLSzfAJpAHZ0gLpindqwM3vrBwRUc3PZrZLwsFtuJHGgRaoLVnXFaajswrN7W/wD9IVe8fmV7x+ZXvH5le8fmV7x+ZXvH5le8fmV7x+ZXvH5le8fmV7x+ZXvH5le8fmV7x+ZXvH5le8fmV7x+ZXvH5le8fmV7x+ZXvH5le8fmV7x+ZXvH5le8fmV7x+ZXvH5le8fmV7x+ZXvH5le8fmV7x+ZXvH5le8fmV7x+ZXvH5le8fmV7x+ZXvH5le8fmV7x+ZXvH5le8fmV7x+ZXvH5le8fmV7x+ZXvH5le8fmV7x+ZXvH5le8fmV7x+ZXvH5le8fmV7x+ZXvH5le8fmV7x+ZXvH5le8fmV7x+ZXvH5le8fmV7x+ZXvH5le8fmV7x+ZXvH5le8fmV7x+ZXvH5/8AMw1LaKCX1HtXR/RZS1Khf8kBSKwbEfOsuv2hP6IGkeC4lyuXklr5iDtQG/oo4DuE8oMQvkCutyuWWHO7a3mAYlaKAlam8tPpHE3M+n7SBTDzWIAo1yag4OUQAGqsPqwryW3mO/tIu/OXyOXof2my9TGWtCp/vP6n+8/qI+rxq8wvWqNJSd/c73zIX0bvFznrA4ryOh5rVBsI+ah1Wj1fvCCU/wDmv//Z', 1, 24, 'Scan kode QR menggunakan aplikasi e-wallet atau mobile banking Anda.', '2025-09-03 02:43:25', '2025-09-03 16:56:44');

-- --------------------------------------------------------

--
-- Table structure for table `SequelizeMeta`
--

CREATE TABLE `SequelizeMeta` (
  `name` varchar(255) NOT NULL
) ENGINE=InnoDB DEFAULT CHARSET=utf8mb3 COLLATE=utf8mb3_unicode_ci;

--
-- Dumping data for table `SequelizeMeta`
--

INSERT INTO `SequelizeMeta` (`name`) VALUES
('20250216100716-create-software.js'),
('20250216100805-create-software-version.js'),
('20250216100833-create-license.js'),
('20250216100855-create-order.js'),
('20250216112510-add-software_id-to-orders.js'),
('20250216115038-alter-software-id-nullable.js'),
('20250221130217-add-search-by-version-to-software.js'),
('20250221133306-add-timestamps.js');

-- --------------------------------------------------------

--
-- Table structure for table `Settings`
--

CREATE TABLE `Settings` (
  `id` int(11) NOT NULL,
  `whatsapp_number` varchar(255) NOT NULL DEFAULT '+628123456789',
  `whatsapp_message` text NOT NULL,
  `createdAt` datetime NOT NULL,
  `updatedAt` datetime NOT NULL
) ENGINE=InnoDB DEFAULT CHARSET=utf8mb3 COLLATE=utf8mb3_general_ci;

-- --------------------------------------------------------

--
-- Table structure for table `Software`
--

CREATE TABLE `Software` (
  `id` int(11) NOT NULL,
  `user_id` int(11) DEFAULT NULL,
  `name` varchar(255) NOT NULL,
  `requires_license` tinyint(1) NOT NULL DEFAULT 0,
  `search_by_version` tinyint(1) NOT NULL DEFAULT 0,
  `createdAt` datetime NOT NULL DEFAULT current_timestamp(),
  `updatedAt` datetime NOT NULL DEFAULT current_timestamp() ON UPDATE current_timestamp()
) ENGINE=InnoDB DEFAULT CHARSET=utf8mb3 COLLATE=utf8mb3_general_ci;

--
-- Dumping data for table `Software`
--

INSERT INTO `Software` (`id`, `user_id`, `name`, `requires_license`, `search_by_version`, `createdAt`, `updatedAt`) VALUES
(25, NULL, 'tes', 1, 0, '2025-08-30 07:32:32', '2025-08-30 07:32:32'),
(26, 41, 'Olah', 1, 0, '2025-08-30 07:42:09', '2025-08-30 07:42:09'),
(27, 41, 'SPSS', 1, 1, '2025-08-30 07:52:52', '2025-08-30 07:52:52'),
(28, 42, 'SPSS', 1, 1, '2025-08-30 07:54:49', '2025-08-30 07:54:49'),
(29, 42, 'Olah', 1, 0, '2025-08-30 12:34:47', '2025-08-30 12:34:47'),
(30, 42, 'SmartPLS', 1, 0, '2025-08-30 12:47:44', '2025-08-30 12:47:44'),
(31, 41, 'SmartPLS', 1, 0, '2025-08-30 12:49:02', '2025-08-30 12:49:02'),
(33, 41, 'Nvivo', 1, 0, '2025-09-01 07:08:30', '2025-09-01 07:08:30'),
(34, 42, 'Nvivo', 1, 0, '2025-09-01 07:10:50', '2025-09-01 07:10:50');

-- --------------------------------------------------------

--
-- Table structure for table `SoftwareVersions`
--

CREATE TABLE `SoftwareVersions` (
  `id` int(11) NOT NULL,
  `software_id` int(11) NOT NULL,
  `version` varchar(255) NOT NULL,
  `os` varchar(255) NOT NULL,
  `download_link` text NOT NULL,
  `user_id` int(11) DEFAULT NULL,
  `createdAt` datetime NOT NULL DEFAULT current_timestamp(),
  `updatedAt` datetime NOT NULL DEFAULT current_timestamp() ON UPDATE current_timestamp()
) ENGINE=InnoDB DEFAULT CHARSET=utf8mb3 COLLATE=utf8mb3_general_ci;

--
-- Dumping data for table `SoftwareVersions`
--

INSERT INTO `SoftwareVersions` (`id`, `software_id`, `version`, `os`, `download_link`, `user_id`, `createdAt`, `updatedAt`) VALUES
(17, 25, '13', '12', '13', NULL, '2025-08-30 07:32:46', '2025-08-30 07:32:46'),
(18, 26, '4.1.1.4', 'Windows', 'https://mediafire.com/11111111111111111111', 41, '2025-08-30 07:42:42', '2025-09-01 09:16:54'),
(19, 27, '31', 'Mac Intel / M1 - M4', 'https://mediafire.com/11111111111111111111', 41, '2025-08-30 07:53:38', '2025-08-31 19:24:29'),
(20, 28, '31', 'Mac Intel / M1 - M4', 'https://mediafire.com/222222222222', 42, '2025-08-30 07:55:10', '2025-08-31 19:24:47'),
(21, 29, '4.1.1.4', 'Windows', 'https://mediafire.com/222222222222', 42, '2025-08-30 12:35:06', '2025-08-31 19:24:58'),
(22, 30, '4.1.1.4', 'Windows', 'https://mediafire.com/222222222222', 42, '2025-08-30 12:48:09', '2025-08-31 19:24:44'),
(23, 31, '4.1.1.4', 'Windows', 'https://mediafire.com/11111111111111111111', 41, '2025-08-30 12:49:15', '2025-08-31 19:24:26'),
(25, 27, '31', 'Windows', 'https://mediafire.com/1231231231231', 41, '2025-08-30 14:07:15', '2025-08-30 14:12:00'),
(26, 28, '31', 'Windows', 'https://mediafire.com/222222222222', 42, '2025-08-30 14:08:00', '2025-08-31 19:25:02'),
(27, 33, '15', 'Windows', 'https://mediafire.com/11111111111111111111', 41, '2025-09-01 07:09:46', '2025-09-01 07:09:46'),
(28, 34, '15', 'Windows', 'https://mediafire.com/222222222222', 42, '2025-09-01 07:11:10', '2025-09-01 07:11:10'),
(29, 31, '4.1.1.2', 'Mac OS', 'https://mediafire.com/11111111111111', 41, '2025-09-01 12:05:18', '2025-09-01 12:05:18'),
(30, 30, '4.1.1.2', 'Mac OS', 'https://mediafire.com/222222222222', 42, '2025-09-01 12:05:57', '2025-09-01 12:05:57');

-- --------------------------------------------------------

--
-- Table structure for table `SubscriptionPlans`
--

CREATE TABLE `SubscriptionPlans` (
  `id` int(11) NOT NULL,
  `name` varchar(255) NOT NULL,
  `duration_days` int(11) NOT NULL,
  `price` decimal(10,2) NOT NULL,
  `description` text DEFAULT NULL,
  `is_active` tinyint(1) NOT NULL DEFAULT 1,
  `createdAt` datetime NOT NULL,
  `updatedAt` datetime NOT NULL
) ENGINE=InnoDB DEFAULT CHARSET=utf8mb3 COLLATE=utf8mb3_general_ci;

--
-- Dumping data for table `SubscriptionPlans`
--

INSERT INTO `SubscriptionPlans` (`id`, `name`, `duration_days`, `price`, `description`, `is_active`, `createdAt`, `updatedAt`) VALUES
(14, '1 Bulan', 30, 150000.00, 'Langganan selama 1 bulan', 1, '2025-08-21 13:15:46', '2025-08-26 12:07:48'),
(15, '3 Bulan', 90, 400000.00, 'Langganan selama 3 bulan', 1, '2025-08-21 13:15:46', '2025-08-26 12:08:00'),
(16, '6 Bulan', 180, 700000.00, 'Langganan selama 6 bulan', 1, '2025-08-21 13:15:46', '2025-08-26 12:08:12'),
(17, '1 Tahun', 365, 1300000.00, 'Langganan selama 1 tahun', 1, '2025-08-21 13:15:46', '2025-08-26 12:08:28');

-- --------------------------------------------------------

--
-- Table structure for table `Subscriptions`
--

CREATE TABLE `Subscriptions` (
  `id` int(11) NOT NULL,
  `user_id` int(11) DEFAULT NULL,
  `start_date` datetime NOT NULL,
  `end_date` datetime NOT NULL,
  `status` enum('active','expired','canceled') NOT NULL DEFAULT 'active',
  `payment_status` enum('pending','paid','failed') NOT NULL DEFAULT 'pending',
  `payment_method` varchar(255) DEFAULT NULL,
  `createdAt` datetime NOT NULL DEFAULT current_timestamp(),
  `updatedAt` datetime NOT NULL DEFAULT current_timestamp()
) ENGINE=InnoDB DEFAULT CHARSET=utf8mb3 COLLATE=utf8mb3_general_ci;

--
-- Dumping data for table `Subscriptions`
--

INSERT INTO `Subscriptions` (`id`, `user_id`, `start_date`, `end_date`, `status`, `payment_status`, `payment_method`, `createdAt`, `updatedAt`) VALUES
(17, 41, '2025-08-30 07:40:01', '2025-09-03 07:40:01', 'active', 'paid', 'manual', '2025-08-30 07:40:01', '2025-09-01 15:13:10'),
(18, 42, '2025-08-30 07:56:04', '2025-09-03 07:56:04', 'active', 'paid', 'manual', '2025-08-30 07:56:04', '2025-09-01 08:43:08'),
(19, 44, '2025-09-01 15:09:48', '2025-09-02 15:09:48', 'active', 'paid', 'manual', '2025-09-01 15:09:48', '2025-09-01 15:09:48'),
(20, 45, '2025-09-02 05:48:37', '2025-10-02 05:48:37', 'active', 'paid', 'manual', '2025-09-02 05:48:37', '2025-09-02 05:48:37');

-- --------------------------------------------------------

--
-- Table structure for table `TripaySettings`
--

CREATE TABLE `TripaySettings` (
  `id` int(11) NOT NULL,
  `api_key` varchar(255) NOT NULL,
  `private_key` varchar(255) NOT NULL,
  `merchant_code` varchar(100) NOT NULL,
  `is_sandbox` tinyint(1) DEFAULT 1,
  `is_active` tinyint(1) DEFAULT 1,
  `createdAt` datetime NOT NULL,
  `updatedAt` datetime NOT NULL
) ENGINE=InnoDB DEFAULT CHARSET=utf8mb3 COLLATE=utf8mb3_general_ci;

-- --------------------------------------------------------

--
-- Table structure for table `Users`
--

CREATE TABLE `Users` (
  `id` int(11) NOT NULL,
  `username` varchar(255) NOT NULL,
  `email` varchar(255) DEFAULT NULL,
  `password` varchar(255) NOT NULL,
  `role` enum('user','admin') NOT NULL DEFAULT 'user',
  `url_slug` varchar(255) DEFAULT NULL,
  `createdAt` datetime NOT NULL,
  `updatedAt` datetime NOT NULL,
  `user_url_id` varchar(255) DEFAULT NULL,
  `url_active` tinyint(1) NOT NULL DEFAULT 0,
  `backend_url` varchar(255) DEFAULT NULL
) ENGINE=InnoDB DEFAULT CHARSET=utf8mb3 COLLATE=utf8mb3_general_ci;

--
-- Dumping data for table `Users`
--

INSERT INTO `Users` (`id`, `username`, `email`, `password`, `role`, `url_slug`, `createdAt`, `updatedAt`, `user_url_id`, `url_active`, `backend_url`) VALUES
(1, 'admin', 'danysadewa711@gmail.com', '$2b$10$GbpekXn6.oitbBiQLdLye.hzIFGZmJ2AjYmMLKv1TjeOGp2/cJ.Vm', 'admin', 'admin-bf5f85f7', '2025-08-20 04:54:37', '2025-08-22 12:25:04', NULL, 1, NULL),
(41, 'far', 'far@gmail.com', '$2b$10$.wIo2WxodsWo/3GBb2giWewaEK6MC4mNZ76prfWv/gvWNZwr8I6PG', 'user', 'far-4df00afd', '2025-08-30 07:38:52', '2025-08-30 08:03:27', NULL, 0, NULL),
(42, 'far2', 'far2@gmail.com', '$2b$10$pIEd79hfXQkNqPUrNjfVm.iw0zBDiJS1VN59skfwdPj6D/mIGdmjO', 'user', 'far2-c865b5bd', '2025-08-30 07:54:30', '2025-08-30 07:54:30', NULL, 0, NULL),
(43, 'far3', 'far3@gmail.com', '$2b$10$X0i5i2qeFV6.2ZPqnxhYfu/7tS/7K/ICdDDsiPMhhO/ZyXc5uMPeG', 'user', 'far3-fc0c204d', '2025-08-30 15:09:26', '2025-08-30 15:09:26', NULL, 0, NULL),
(44, 'admin33', 'danysadewa7111111@gmail.com', '$2b$10$p5hj6TM5CZi13tDPGYDVXOnMopG9QThLziTFOqEjT7MpXRKyqprFG', 'user', 'admin33-f126170f', '2025-09-01 15:05:28', '2025-09-01 15:07:15', NULL, 0, NULL),
(45, 'vins', 'vins@gmail.com', '$2b$10$eqUAjj11gN0QabB0dP.YwucDAGRmjfc00QsA6gtDaIV6rP42a.AYa', 'user', 'vins-d7628cb6', '2025-09-01 15:26:31', '2025-09-01 15:26:31', NULL, 0, NULL);

-- --------------------------------------------------------

--
-- Table structure for table `UserSubscriptions`
--

CREATE TABLE `UserSubscriptions` (
  `id` int(11) NOT NULL,
  `user_id` int(11) NOT NULL,
  `subscription_id` int(11) NOT NULL,
  `start_date` datetime NOT NULL,
  `end_date` datetime NOT NULL,
  `is_active` tinyint(1) DEFAULT 1,
  `is_trial` tinyint(1) DEFAULT 0,
  `createdAt` datetime NOT NULL,
  `updatedAt` datetime NOT NULL
) ENGINE=InnoDB DEFAULT CHARSET=utf8mb3 COLLATE=utf8mb3_general_ci;

-- --------------------------------------------------------

--
-- Table structure for table `WhatsAppGroupSettings`
--

CREATE TABLE `WhatsAppGroupSettings` (
  `id` int(11) NOT NULL,
  `group_name` varchar(100) NOT NULL DEFAULT 'Verifikasi Pembayaran',
  `group_id` varchar(100) DEFAULT NULL,
  `is_active` tinyint(1) DEFAULT 1,
  `notification_template` text CHARACTER SET utf8mb4 COLLATE utf8mb4_general_ci DEFAULT NULL,
  `createdAt` datetime NOT NULL DEFAULT current_timestamp(),
  `updatedAt` datetime NOT NULL DEFAULT current_timestamp() ON UPDATE current_timestamp()
) ENGINE=InnoDB DEFAULT CHARSET=utf8mb3 COLLATE=utf8mb3_general_ci;

--
-- Dumping data for table `WhatsAppGroupSettings`
--

INSERT INTO `WhatsAppGroupSettings` (`id`, `group_name`, `group_id`, `is_active`, `notification_template`, `createdAt`, `updatedAt`) VALUES
(1, 'Verifikasi Pembayaran22', '2', 1, 'Cek status pembayaran username: {username} untuk paket {plan_name} dengan nominal Rp {amount}', '2025-09-03 16:47:41', '2025-09-03 19:45:29');

-- --------------------------------------------------------

--
-- Table structure for table `whatsapp_trial_settings`
--

CREATE TABLE `whatsapp_trial_settings` (
  `id` int(11) NOT NULL,
  `whatsappNumber` varchar(50) NOT NULL DEFAULT '6281284712684',
  `messageTemplate` text NOT NULL DEFAULT 'Halo, saya {username} ({email}) ingin request trial dengan URL: {url_slug}',
  `isEnabled` tinyint(1) NOT NULL DEFAULT 1,
  `createdAt` datetime NOT NULL DEFAULT current_timestamp(),
  `updatedAt` datetime NOT NULL DEFAULT current_timestamp() ON UPDATE current_timestamp()
) ENGINE=InnoDB DEFAULT CHARSET=utf8mb3 COLLATE=utf8mb3_general_ci;

--
-- Dumping data for table `whatsapp_trial_settings`
--

INSERT INTO `whatsapp_trial_settings` (`id`, `whatsappNumber`, `messageTemplate`, `isEnabled`, `createdAt`, `updatedAt`) VALUES
(1, '6281284712684', 'Halo, saya {username} ({email}) ingin request trial dengan URL: {url_slug}', 1, '2025-09-03 16:47:41', '2025-09-03 16:47:41');

--
-- Indexes for dumped tables
--

--
-- Indexes for table `Licenses`
--
ALTER TABLE `Licenses`
  ADD PRIMARY KEY (`id`),
  ADD UNIQUE KEY `license_key` (`license_key`),
  ADD KEY `software_id` (`software_id`),
  ADD KEY `software_version_id` (`software_version_id`),
  ADD KEY `fk_licenses_user` (`user_id`);

--
-- Indexes for table `OrderLicenses`
--
ALTER TABLE `OrderLicenses`
  ADD PRIMARY KEY (`id`),
  ADD UNIQUE KEY `OrderLicenses_license_id_order_id_unique` (`order_id`,`license_id`),
  ADD KEY `license_id` (`license_id`);

--
-- Indexes for table `Orders`
--
ALTER TABLE `Orders`
  ADD PRIMARY KEY (`id`),
  ADD UNIQUE KEY `order_id` (`order_id`),
  ADD KEY `fk_user_id` (`user_id`),
  ADD KEY `Orders_software_id_foreign_idx` (`software_id`),
  ADD KEY `user_id` (`user_id`);

--
-- Indexes for table `PaymentMethods`
--
ALTER TABLE `PaymentMethods`
  ADD PRIMARY KEY (`id`),
  ADD UNIQUE KEY `code` (`code`);

--
-- Indexes for table `Payments`
--
ALTER TABLE `Payments`
  ADD PRIMARY KEY (`id`),
  ADD KEY `user_id` (`user_id`),
  ADD KEY `user_subscription_id` (`user_subscription_id`);

--
-- Indexes for table `payment_methods`
--
ALTER TABLE `payment_methods`
  ADD PRIMARY KEY (`id`);

--
-- Indexes for table `Plans`
--
ALTER TABLE `Plans`
  ADD PRIMARY KEY (`id`);

--
-- Indexes for table `QrisPayments`
--
ALTER TABLE `QrisPayments`
  ADD PRIMARY KEY (`id`),
  ADD UNIQUE KEY `reference` (`reference`),
  ADD KEY `user_id` (`user_id`),
  ADD KEY `plan_id` (`plan_id`);

--
-- Indexes for table `QrisSettings`
--
ALTER TABLE `QrisSettings`
  ADD PRIMARY KEY (`id`);

--
-- Indexes for table `SequelizeMeta`
--
ALTER TABLE `SequelizeMeta`
  ADD PRIMARY KEY (`name`),
  ADD UNIQUE KEY `name` (`name`);

--
-- Indexes for table `Settings`
--
ALTER TABLE `Settings`
  ADD PRIMARY KEY (`id`);

--
-- Indexes for table `Software`
--
ALTER TABLE `Software`
  ADD PRIMARY KEY (`id`),
  ADD KEY `fk_software_user` (`user_id`);

--
-- Indexes for table `SoftwareVersions`
--
ALTER TABLE `SoftwareVersions`
  ADD PRIMARY KEY (`id`),
  ADD KEY `software_id` (`software_id`),
  ADD KEY `fk_softwareversions_user` (`user_id`);

--
-- Indexes for table `SubscriptionPlans`
--
ALTER TABLE `SubscriptionPlans`
  ADD PRIMARY KEY (`id`);

--
-- Indexes for table `Subscriptions`
--
ALTER TABLE `Subscriptions`
  ADD PRIMARY KEY (`id`),
  ADD KEY `id` (`id`),
  ADD KEY `user_id` (`user_id`);

--
-- Indexes for table `TripaySettings`
--
ALTER TABLE `TripaySettings`
  ADD PRIMARY KEY (`id`);

--
-- Indexes for table `Users`
--
ALTER TABLE `Users`
  ADD PRIMARY KEY (`id`),
  ADD UNIQUE KEY `username` (`username`),
  ADD UNIQUE KEY `email` (`email`),
  ADD UNIQUE KEY `url_slug` (`url_slug`),
  ADD UNIQUE KEY `user_url_id` (`user_url_id`);

--
-- Indexes for table `UserSubscriptions`
--
ALTER TABLE `UserSubscriptions`
  ADD PRIMARY KEY (`id`),
  ADD KEY `user_id` (`user_id`),
  ADD KEY `subscription_id` (`subscription_id`);

--
-- Indexes for table `WhatsAppGroupSettings`
--
ALTER TABLE `WhatsAppGroupSettings`
  ADD PRIMARY KEY (`id`);

--
-- Indexes for table `whatsapp_trial_settings`
--
ALTER TABLE `whatsapp_trial_settings`
  ADD PRIMARY KEY (`id`);

--
-- AUTO_INCREMENT for dumped tables
--

--
-- AUTO_INCREMENT for table `Licenses`
--
ALTER TABLE `Licenses`
  MODIFY `id` int(11) NOT NULL AUTO_INCREMENT, AUTO_INCREMENT=52;

--
-- AUTO_INCREMENT for table `OrderLicenses`
--
ALTER TABLE `OrderLicenses`
  MODIFY `id` int(11) NOT NULL AUTO_INCREMENT, AUTO_INCREMENT=39;

--
-- AUTO_INCREMENT for table `Orders`
--
ALTER TABLE `Orders`
  MODIFY `id` int(11) NOT NULL AUTO_INCREMENT, AUTO_INCREMENT=160;

--
-- AUTO_INCREMENT for table `PaymentMethods`
--
ALTER TABLE `PaymentMethods`
  MODIFY `id` int(11) NOT NULL AUTO_INCREMENT;

--
-- AUTO_INCREMENT for table `Payments`
--
ALTER TABLE `Payments`
  MODIFY `id` int(11) NOT NULL AUTO_INCREMENT;

--
-- AUTO_INCREMENT for table `payment_methods`
--
ALTER TABLE `payment_methods`
  MODIFY `id` int(11) NOT NULL AUTO_INCREMENT, AUTO_INCREMENT=7;

--
-- AUTO_INCREMENT for table `Plans`
--
ALTER TABLE `Plans`
  MODIFY `id` int(11) NOT NULL AUTO_INCREMENT;

--
-- AUTO_INCREMENT for table `QrisPayments`
--
ALTER TABLE `QrisPayments`
  MODIFY `id` int(11) NOT NULL AUTO_INCREMENT, AUTO_INCREMENT=5;

--
-- AUTO_INCREMENT for table `QrisSettings`
--
ALTER TABLE `QrisSettings`
  MODIFY `id` int(11) NOT NULL AUTO_INCREMENT, AUTO_INCREMENT=2;

--
-- AUTO_INCREMENT for table `Settings`
--
ALTER TABLE `Settings`
  MODIFY `id` int(11) NOT NULL AUTO_INCREMENT;

--
-- AUTO_INCREMENT for table `Software`
--
ALTER TABLE `Software`
  MODIFY `id` int(11) NOT NULL AUTO_INCREMENT, AUTO_INCREMENT=35;

--
-- AUTO_INCREMENT for table `SoftwareVersions`
--
ALTER TABLE `SoftwareVersions`
  MODIFY `id` int(11) NOT NULL AUTO_INCREMENT, AUTO_INCREMENT=31;

--
-- AUTO_INCREMENT for table `SubscriptionPlans`
--
ALTER TABLE `SubscriptionPlans`
  MODIFY `id` int(11) NOT NULL AUTO_INCREMENT, AUTO_INCREMENT=21;

--
-- AUTO_INCREMENT for table `Subscriptions`
--
ALTER TABLE `Subscriptions`
  MODIFY `id` int(11) NOT NULL AUTO_INCREMENT, AUTO_INCREMENT=21;

--
-- AUTO_INCREMENT for table `TripaySettings`
--
ALTER TABLE `TripaySettings`
  MODIFY `id` int(11) NOT NULL AUTO_INCREMENT;

--
-- AUTO_INCREMENT for table `Users`
--
ALTER TABLE `Users`
  MODIFY `id` int(11) NOT NULL AUTO_INCREMENT, AUTO_INCREMENT=46;

--
-- AUTO_INCREMENT for table `UserSubscriptions`
--
ALTER TABLE `UserSubscriptions`
  MODIFY `id` int(11) NOT NULL AUTO_INCREMENT;

--
-- AUTO_INCREMENT for table `WhatsAppGroupSettings`
--
ALTER TABLE `WhatsAppGroupSettings`
  MODIFY `id` int(11) NOT NULL AUTO_INCREMENT, AUTO_INCREMENT=2;

--
-- AUTO_INCREMENT for table `whatsapp_trial_settings`
--
ALTER TABLE `whatsapp_trial_settings`
  MODIFY `id` int(11) NOT NULL AUTO_INCREMENT, AUTO_INCREMENT=2;

--
-- Constraints for dumped tables
--

--
-- Constraints for table `Licenses`
--
ALTER TABLE `Licenses`
  ADD CONSTRAINT `Licenses_ibfk_1` FOREIGN KEY (`software_id`) REFERENCES `Software` (`id`) ON DELETE CASCADE,
  ADD CONSTRAINT `Licenses_ibfk_2` FOREIGN KEY (`software_version_id`) REFERENCES `SoftwareVersions` (`id`),
  ADD CONSTRAINT `fk_licenses_user` FOREIGN KEY (`user_id`) REFERENCES `Users` (`id`) ON DELETE SET NULL ON UPDATE CASCADE;

--
-- Constraints for table `OrderLicenses`
--
ALTER TABLE `OrderLicenses`
  ADD CONSTRAINT `OrderLicenses_ibfk_1` FOREIGN KEY (`order_id`) REFERENCES `Orders` (`id`) ON DELETE CASCADE ON UPDATE CASCADE,
  ADD CONSTRAINT `OrderLicenses_ibfk_2` FOREIGN KEY (`license_id`) REFERENCES `Licenses` (`id`) ON DELETE CASCADE ON UPDATE CASCADE;

--
-- Constraints for table `Orders`
--
ALTER TABLE `Orders`
  ADD CONSTRAINT `Orders_software_id_foreign_idx` FOREIGN KEY (`software_id`) REFERENCES `Software` (`id`) ON DELETE CASCADE ON UPDATE CASCADE,
  ADD CONSTRAINT `user_id` FOREIGN KEY (`user_id`) REFERENCES `Users` (`id`);

--
-- Constraints for table `Payments`
--
ALTER TABLE `Payments`
  ADD CONSTRAINT `Payments_ibfk_1` FOREIGN KEY (`user_id`) REFERENCES `Users` (`id`) ON DELETE CASCADE ON UPDATE CASCADE,
  ADD CONSTRAINT `Payments_ibfk_2` FOREIGN KEY (`user_subscription_id`) REFERENCES `UserSubscriptions` (`id`) ON DELETE CASCADE ON UPDATE CASCADE;

--
-- Constraints for table `QrisPayments`
--
ALTER TABLE `QrisPayments`
  ADD CONSTRAINT `fk_qris_payments_plan` FOREIGN KEY (`plan_id`) REFERENCES `SubscriptionPlans` (`id`) ON DELETE SET NULL,
  ADD CONSTRAINT `fk_qris_payments_user` FOREIGN KEY (`user_id`) REFERENCES `Users` (`id`) ON DELETE CASCADE;

--
-- Constraints for table `Software`
--
ALTER TABLE `Software`
  ADD CONSTRAINT `fk_software_user` FOREIGN KEY (`user_id`) REFERENCES `Users` (`id`) ON DELETE SET NULL ON UPDATE CASCADE;

--
-- Constraints for table `SoftwareVersions`
--
ALTER TABLE `SoftwareVersions`
  ADD CONSTRAINT `SoftwareVersions_ibfk_1` FOREIGN KEY (`software_id`) REFERENCES `Software` (`id`) ON DELETE CASCADE,
  ADD CONSTRAINT `fk_softwareversions_user` FOREIGN KEY (`user_id`) REFERENCES `Users` (`id`) ON DELETE SET NULL ON UPDATE CASCADE;

--
-- Constraints for table `Subscriptions`
--
ALTER TABLE `Subscriptions`
  ADD CONSTRAINT `Subscriptions_ibfk_1` FOREIGN KEY (`user_id`) REFERENCES `Users` (`id`) ON DELETE CASCADE;

--
-- Constraints for table `UserSubscriptions`
--
ALTER TABLE `UserSubscriptions`
  ADD CONSTRAINT `UserSubscriptions_ibfk_1` FOREIGN KEY (`user_id`) REFERENCES `Users` (`id`) ON DELETE CASCADE ON UPDATE CASCADE,
  ADD CONSTRAINT `UserSubscriptions_ibfk_2` FOREIGN KEY (`subscription_id`) REFERENCES `Subscriptions` (`id`) ON DELETE CASCADE ON UPDATE CASCADE;
COMMIT;

/*!40101 SET CHARACTER_SET_CLIENT=@OLD_CHARACTER_SET_CLIENT */;
/*!40101 SET CHARACTER_SET_RESULTS=@OLD_CHARACTER_SET_RESULTS */;
/*!40101 SET COLLATION_CONNECTION=@OLD_COLLATION_CONNECTION */;
